ISO8601,fromDate,toDate,bedtime,waketime,inBed,awake,fellAsleepIn,sessions,asleep,asleepAvg7,efficiency,efficiencyAvg7,quality,qualityAvg7,deep,deepAvg7,sleepBPM,sleepBPMAvg7,dayBPM,dayBPMAvg7,wakingBPM,wakingBPMAvg7,hrv,hrvAvg7,sleepHRV,sleepHRVAvg7,SpO2Avg,SpO2Min,SpO2Max,respAvg,respMin,respMax,tags,notes
2022-01-01T20:59:59-07:00,"Friday, Dec 31, 2021","Saturday, Jan 1, 2022",2021-12-31 23:34:00,2022-01-01 07:41:00,08:07:00,00:51:00,00:00:00,1,07:16:00,07:17:12,89.5,92.9,04:09:47,05:31:09,,,91.2,65.2,73.7,72.4,43.0,55.2,,,22,27,,,,,,,,
2022-01-02T20:59:59-07:00,"Saturday, Jan 1, 2022","Sunday, Jan 2, 2022",2022-01-01 22:30:00,2022-01-02 07:07:00,08:37:00,00:30:00,00:00:00,1,08:07:00,07:25:30,94.2,93.1,05:31:46,05:31:15,02:01:45,02:22:20,57.5,63.9,65.4,71.4,63.0,56.5,,,29,26,,,,,,,,
2022-01-03T20:59:59-07:00,"Sunday, Jan 2, 2022","Monday, Jan 3, 2022",2022-01-02 23:01:00,2022-01-03 07:37:00,08:36:00,00:31:00,00:00:00,1,08:05:00,07:31:08,94.0,93.3,06:17:19,05:37:50,01:46:06,02:16:18,55.8,62.8,,,53.0,56.0,,,46,29,,,,,,,,
2022-01-05T20:59:59-07:00,"Tuesday, Jan 4, 2022","Wednesday, Jan 5, 2022",2022-01-04 22:20:00,2022-01-05 05:22:00,07:02:00,00:07:00,00:00:00,1,06:55:00,07:29:00,98.3,93.2,05:30:57,05:35:04,03:04:27,02:23:10,57.7,62.5,68.8,70.8,56.0,55.7,,,35,30,,,,,,,,
2022-01-06T20:59:59-07:00,"Wednesday, Jan 5, 2022","Thursday, Jan 6, 2022",2022-01-05 22:13:00,2022-01-06 07:18:00,09:05:00,00:35:00,00:00:00,1,08:30:00,07:38:08,93.6,92.7,06:47:16,05:48:47,03:05:27,02:29:18,58.2,62.8,72.7,70.1,60.0,56.3,,,28,30,,,,,,,,
2022-01-07T20:59:59-07:00,"Thursday, Jan 6, 2022","Friday, Jan 7, 2022",2022-01-06 22:16:00,2022-01-07 07:30:00,09:56:00,01:02:00,00:00:00,2,08:54:00,08:00:42,88.8,93.1,05:42:51,05:51:47,01:29:27,02:27:13,62.0,63.1,71.6,70.4,57.0,55.9,20,22,26,30,,,,,,,,
2022-01-08T20:59:59-07:00,"Friday, Jan 7, 2022","Saturday, Jan 8, 2022",2022-01-07 22:45:00,2022-01-08 03:15:00,04:30:00,00:00:00,00:00:00,1,04:30:00,07:28:08,100.0,94.1,03:29:19,05:21:19,,,69.9,64.6,69.6,70.2,69.0,57.3,,,22,30,,,,,,,,
2022-01-09T20:59:59-07:00,"Saturday, Jan 8, 2022","Sunday, Jan 9, 2022",2022-01-08 22:40:00,2022-01-09 07:27:00,08:47:00,01:20:00,00:00:00,1,07:27:00,07:29:42,84.8,93.4,05:43:49,05:34:45,02:07:43,02:25:19,58.3,59.9,68.8,69.5,58.0,59.4,59,34,34,31,,,,,,,,
2022-01-10T20:59:59-07:00,"Sunday, Jan 9, 2022","Monday, Jan 10, 2022",2022-01-09 21:57:00,2022-01-10 06:49:00,08:52:00,01:05:00,00:00:00,1,07:47:00,07:26:51,87.8,92.5,06:44:32,05:45:09,03:06:48,02:23:06,59.1,60.2,73.3,70.7,56.6,58.5,36,35,25,31,,,,,,,,
2022-01-11T20:59:59-07:00,"Monday, Jan 10, 2022","Tuesday, Jan 11, 2022",2022-01-10 21:46:00,2022-01-11 06:25:00,09:15:00,00:42:00,00:00:00,2,08:33:00,07:30:51,91.9,92.2,06:10:56,05:44:14,01:47:43,02:21:05,65.6,61.6,72.3,71.0,61.0,59.7,30,34,24,28,,,,,,,,
2022-01-12T20:59:59-07:00,"Tuesday, Jan 11, 2022","Wednesday, Jan 12, 2022",2022-01-11 21:02:00,2022-01-12 07:04:00,10:02:00,01:17:00,00:00:00,1,08:45:00,07:46:34,87.2,90.6,06:04:50,05:49:05,02:30:00,02:27:22,59.3,61.8,76.3,72.1,59.0,60.1,33,34,27,27,,,,,,,,
2022-01-13T20:59:59-07:00,"Wednesday, Jan 12, 2022","Thursday, Jan 13, 2022",2022-01-12 23:24:00,2022-01-13 07:46:00,08:22:00,00:14:00,00:00:00,1,08:08:00,07:43:25,97.2,91.1,06:47:28,05:49:07,03:27:02,02:30:35,58.5,61.8,72.1,72.0,58.0,59.8,,,38,28,,,,,,,,
2022-01-14T20:59:59-07:00,"Thursday, Jan 13, 2022","Friday, Jan 14, 2022",2022-01-13 21:15:00,2022-01-14 07:07:00,09:52:00,01:09:00,00:00:00,1,08:43:00,07:41:51,88.3,91.0,06:15:44,05:53:48,02:18:26,02:23:52,58.8,61.4,,,58.0,59.9,55,37,28,28,,,,,,,,
2022-01-16T20:59:59-07:00,"Saturday, Jan 15, 2022","Sunday, Jan 16, 2022",2022-01-15 21:35:00,2022-01-16 08:02:00,10:27:00,02:32:00,00:00:00,1,07:55:00,08:11:08,75.8,87.6,05:31:52,06:11:19,01:16:37,02:22:02,62.7,60.3,69.6,72.4,60.0,58.7,26,37,30,29,,,,,,,,
2022-01-17T20:59:59-07:00,"Sunday, Jan 16, 2022","Monday, Jan 17, 2022",2022-01-16 23:45:00,2022-01-17 06:29:00,06:44:00,00:00:00,00:00:00,1,06:44:00,08:05:00,100.0,89.7,05:24:40,06:08:35,01:44:44,02:18:45,59.7,60.5,76.3,73.5,60.0,58.9,,,31,29,,,,,,,,
2022-01-18T20:59:59-07:00,"Monday, Jan 17, 2022","Tuesday, Jan 18, 2022",2022-01-17 21:15:00,2022-01-18 06:38:00,09:23:00,00:54:00,00:00:00,1,08:29:00,08:11:00,90.4,90.1,06:41:42,06:08:10,03:05:05,02:18:31,61.7,60.9,74.6,73.6,57.0,59.0,,,26,29,,,,,,,,
2022-01-19T20:59:59-07:00,"Tuesday, Jan 18, 2022","Wednesday, Jan 19, 2022",2022-01-18 21:30:00,2022-01-19 07:23:00,09:53:00,01:15:00,00:00:00,1,08:38:00,08:11:42,87.4,89.5,06:53:54,06:14:19,01:31:25,02:16:11,66.5,61.0,75.8,74.1,63.0,59.3,26,38,22,29,,,,,,,,
2022-01-20T20:59:59-07:00,"Wednesday, Jan 19, 2022","Thursday, Jan 20, 2022",2022-01-19 23:20:00,2022-01-20 05:59:00,06:39:00,00:17:00,00:00:00,1,06:22:00,07:51:17,95.7,90.7,05:29:13,06:09:13,02:32:48,02:16:35,58.3,60.9,67.1,72.8,56.0,58.9,,,39,31,,,,,,,,
2022-01-21T20:59:59-07:00,"Thursday, Jan 20, 2022","Friday, Jan 21, 2022",2022-01-20 22:15:00,2022-01-21 07:49:00,09:34:00,01:36:00,00:00:00,1,07:58:00,07:49:51,83.3,88.7,06:00:05,06:02:27,00:46:15,01:53:37,59.5,61.0,75.8,73.3,57.0,58.7,44,36,40,31,,,,,,,,
2022-01-22T20:59:59-07:00,"Friday, Jan 21, 2022","Saturday, Jan 22, 2022",2022-01-21 22:44:00,2022-01-22 06:33:00,07:49:00,01:03:00,00:00:00,1,06:46:00,07:33:08,86.6,88.4,05:29:45,05:55:53,01:49:18,01:49:27,72.4,63.0,77.2,73.7,74.0,61.0,,,20,30,,,,,,,,
2022-01-23T20:59:59-07:00,"Saturday, Jan 22, 2022","Sunday, Jan 23, 2022",2022-01-22 21:42:00,2022-01-23 06:27:00,08:45:00,00:02:00,00:00:00,1,08:43:00,07:40:00,99.6,91.9,06:47:22,06:06:40,02:38:29,02:01:09,60.0,62.6,67.9,73.5,53.0,60.0,,,35,31,,,,,,,,
2022-01-24T20:59:59-07:00,"Sunday, Jan 23, 2022","Monday, Jan 24, 2022",2022-01-23 22:00:00,2022-01-24 06:59:00,08:59:00,00:12:00,00:00:00,1,08:47:00,07:57:34,97.8,91.5,06:22:04,06:14:52,02:00:27,02:03:23,56.8,62.2,71.3,72.8,56.0,59.4,,,44,32,,,,,,,,
2022-01-25T20:59:59-07:00,"Monday, Jan 24, 2022","Tuesday, Jan 25, 2022",2022-01-24 22:44:00,2022-01-25 05:52:00,07:08:00,00:00:00,00:00:00,1,07:08:00,07:46:00,100.0,92.9,05:48:37,06:07:17,02:27:35,01:58:02,57.3,61.5,74.4,72.8,56.0,59.3,,,38,34,,,,,,,,
2022-01-26T20:59:59-07:00,"Tuesday, Jan 25, 2022","Wednesday, Jan 26, 2022",2022-01-25 22:00:00,2022-01-26 06:47:00,08:47:00,00:16:00,00:00:00,1,08:31:00,07:45:00,97.0,94.3,06:30:25,06:03:56,01:45:12,02:00:00,56.5,60.1,74.4,72.6,57.0,58.4,,,59,39,,,,,,,,
2022-01-27T20:59:59-07:00,"Wednesday, Jan 26, 2022","Thursday, Jan 27, 2022",2022-01-26 22:45:00,2022-01-27 05:42:00,06:57:00,00:15:00,00:00:00,1,06:42:00,07:47:51,96.4,94.4,05:27:01,06:03:37,02:28:53,01:59:27,58.5,60.1,75.4,73.8,54.0,58.1,,,39,39,,,,,,,,
2022-01-28T20:59:59-07:00,"Thursday, Jan 27, 2022","Friday, Jan 28, 2022",2022-01-27 22:22:00,2022-01-28 06:41:00,08:19:00,00:47:00,00:00:00,1,07:32:00,07:44:08,90.6,95.4,05:43:23,06:01:14,03:15:52,02:20:49,58.3,60.0,71.6,73.2,57.0,58.1,,,44,40,,,,,,,,
2022-01-29T20:59:59-07:00,"Friday, Jan 28, 2022","Saturday, Jan 29, 2022",2022-01-28 23:00:00,2022-01-29 04:15:00,05:15:00,00:21:00,00:00:00,1,04:54:00,07:28:08,93.3,96.4,04:00:00,05:48:25,00:15:28,02:07:25,68.1,59.4,78.1,73.3,65.0,56.9,,,24,40,,,,,,,,
2022-01-30T20:59:59-07:00,"Saturday, Jan 29, 2022","Sunday, Jan 30, 2022",2022-01-29 21:23:00,2022-01-30 07:18:00,09:55:00,00:23:00,00:00:00,1,09:32:00,07:35:08,96.1,95.9,06:28:48,05:45:45,02:15:28,02:04:07,60.1,59.4,67.9,73.3,58.0,57.6,,,31,40,,,,,,,,
2022-01-31T20:59:59-07:00,"Sunday, Jan 30, 2022","Monday, Jan 31, 2022",2022-01-30 21:37:00,2022-01-31 06:19:00,08:42:00,00:11:00,00:00:00,1,08:31:00,07:32:51,97.9,95.9,06:41:45,05:48:34,02:34:51,02:09:02,56.2,59.3,71.9,73.4,55.0,57.4,,,37,39,,,,,,,,
2022-02-01T20:59:59-07:00,"Monday, Jan 31, 2022","Tuesday, Feb 1, 2022",2022-01-31 22:08:00,2022-02-01 07:14:00,09:06:00,00:44:00,00:00:00,1,08:22:00,07:43:25,91.9,94.8,05:36:23,05:46:49,01:46:29,02:03:10,55.9,59.1,72.1,73.1,57.0,57.6,,,35,38,,,,,,,,
2022-02-02T20:59:59-07:00,"Tuesday, Feb 1, 2022","Wednesday, Feb 2, 2022",2022-02-01 21:45:00,2022-02-02 06:54:00,09:09:00,02:05:00,00:00:00,1,07:04:00,07:31:00,77.2,91.9,05:10:30,05:35:24,01:49:56,02:03:51,60.4,59.6,68.6,72.2,57.0,57.6,,,31,34,,,,,,,,
2022-02-03T20:59:59-07:00,"Wednesday, Feb 2, 2022","Thursday, Feb 3, 2022",2022-02-02 22:09:00,2022-02-03 07:00:00,08:51:00,00:12:00,00:00:00,1,08:39:00,07:47:42,97.7,92.1,07:10:42,05:50:13,03:48:58,02:15:17,57.4,59.5,67.2,71.1,56.0,57.9,,,41,35,,,,,,,,
2022-02-04T20:59:59-07:00,"Thursday, Feb 3, 2022","Friday, Feb 4, 2022",2022-02-03 22:44:00,2022-02-04 07:17:00,08:33:00,01:22:00,00:00:00,1,07:11:00,07:44:42,84.0,91.2,05:46:13,05:50:37,02:33:56,02:09:18,56.6,59.3,77.6,71.9,58.0,58.0,,,39,34,,,,,,,,
2022-02-05T20:59:59-07:00,"Friday, Feb 4, 2022","Saturday, Feb 5, 2022",2022-02-04 23:32:00,2022-02-05 06:29:00,06:57:00,00:03:00,00:00:00,1,06:54:00,08:01:51,99.3,92.0,04:58:53,05:59:02,02:18:00,02:26:48,68.5,59.3,73.6,71.3,63.0,57.7,,,21,34,,,,,,,,
2022-02-06T20:59:59-07:00,"Saturday, Feb 5, 2022","Sunday, Feb 6, 2022",2022-02-05 21:00:00,2022-02-06 07:20:00,10:20:00,01:05:00,00:00:00,1,09:15:00,07:59:25,89.5,91.1,06:45:07,06:01:22,02:45:00,02:31:01,59.2,59.2,69.7,71.5,58.0,57.7,,,43,35,,,,,,,,
2022-02-07T20:59:59-07:00,"Sunday, Feb 6, 2022","Monday, Feb 7, 2022",2022-02-06 23:01:00,2022-02-07 06:37:00,07:36:00,00:00:00,00:00:00,1,07:36:00,07:51:34,100.0,91.4,06:09:07,05:56:42,02:32:00,02:30:37,62.0,60.0,76.7,72.2,61.0,58.6,,,30,34,,,,,,,,
2022-02-08T20:59:59-07:00,"Monday, Feb 7, 2022","Tuesday, Feb 8, 2022",2022-02-07 21:47:00,2022-02-08 06:59:00,09:12:00,00:06:00,00:00:00,1,09:06:00,07:57:51,98.9,92.4,06:58:07,06:08:23,03:02:00,02:41:24,59.1,60.5,74.3,72.5,59.0,58.9,,,33,34,,,,,,,,
2022-02-09T20:59:59-07:00,"Tuesday, Feb 8, 2022","Wednesday, Feb 9, 2022",2022-02-08 22:00:00,2022-02-09 06:54:00,08:54:00,00:14:00,00:00:00,1,08:40:00,08:11:34,97.4,95.3,06:26:44,06:19:16,02:02:21,02:43:10,59.2,60.3,71.8,73.0,58.0,59.0,,,31,34,,,,,,,,
2022-02-10T20:59:59-07:00,"Wednesday, Feb 9, 2022","Thursday, Feb 10, 2022",2022-02-09 22:30:00,2022-02-10 05:55:00,07:25:00,00:00:00,00:00:00,1,07:25:00,08:01:00,100.0,95.6,06:15:07,06:11:20,02:48:48,02:34:35,58.0,60.4,69.0,73.2,57.0,59.1,,,41,34,,,,,,,,
2022-02-11T20:59:59-07:00,"Thursday, Feb 10, 2022","Friday, Feb 11, 2022",2022-02-10 22:00:00,2022-02-11 06:45:00,08:45:00,00:50:00,00:00:00,1,07:55:00,08:07:17,90.5,96.5,05:45:24,06:11:13,01:58:45,02:29:33,57.2,60.5,73.7,72.7,58.0,59.1,,,29,33,,,,,,,,
2022-02-12T20:59:59-07:00,"Friday, Feb 11, 2022","Saturday, Feb 12, 2022",2022-02-11 22:12:00,2022-02-12 06:13:00,08:01:00,01:24:00,00:00:00,1,06:37:00,08:04:51,82.5,94.1,04:30:54,06:07:13,01:13:31,02:20:20,65.0,59.9,72.7,72.6,60.0,58.7,,,27,33,,,,,,,,
2022-02-13T20:59:59-07:00,"Saturday, Feb 12, 2022","Sunday, Feb 13, 2022",2022-02-12 21:45:00,2022-02-13 06:57:00,09:12:00,00:34:00,00:00:00,1,08:38:00,07:59:34,93.8,94.7,07:24:11,06:12:48,03:33:18,02:27:14,58.0,59.8,68.7,72.4,59.0,58.9,,,35,32,,,,,,,,
2022-02-14T20:59:59-07:00,"Sunday, Feb 13, 2022","Monday, Feb 14, 2022",2022-02-13 21:44:00,2022-02-14 05:32:00,07:48:00,00:00:00,00:00:00,1,07:48:00,08:01:17,100.0,94.7,06:30:34,06:15:52,03:01:10,02:31:24,57.3,59.1,71.3,71.6,54.0,57.9,72,41,36,33,,,,,,,,
2022-02-15T20:59:59-07:00,"Monday, Feb 14, 2022","Tuesday, Feb 15, 2022",2022-02-14 22:52:00,2022-02-15 07:06:00,08:14:00,00:17:00,00:00:00,1,07:57:00,07:51:25,96.6,94.4,06:06:00,06:08:25,02:54:54,02:30:23,58.2,59.0,68.3,70.8,59.0,57.9,,,39,34,,,,,,,,
2022-02-16T20:59:59-07:00,"Tuesday, Feb 15, 2022","Wednesday, Feb 16, 2022",2022-02-15 21:15:00,2022-02-16 06:53:00,09:38:00,01:04:00,00:00:00,1,08:34:00,07:50:34,88.9,93.2,07:07:09,06:14:11,03:06:55,02:39:37,57.3,58.7,70.9,70.7,59.0,58.0,,,43,36,,,,,,,,
2022-02-17T20:59:59-07:00,"Wednesday, Feb 16, 2022","Thursday, Feb 17, 2022",2022-02-16 21:30:00,2022-02-17 04:51:00,07:21:00,00:13:00,00:00:00,1,07:08:00,07:48:08,97.1,92.8,06:15:56,06:14:18,03:18:43,02:43:53,57.5,58.7,69.2,70.7,52.0,57.3,29,41,28,34,,,,,,,,
2022-02-18T20:59:59-07:00,"Thursday, Feb 17, 2022","Friday, Feb 18, 2022",2022-02-18 00:00:00,2022-02-18 06:22:00,06:22:00,01:00:00,00:00:00,1,05:22:00,07:26:17,84.3,91.9,04:11:59,06:00:58,00:32:12,02:31:31,65.7,59.9,73.3,70.6,69.0,58.9,,,23,33,,,,,,,,
2022-02-19T20:59:59-07:00,"Friday, Feb 18, 2022","Saturday, Feb 19, 2022",2022-02-18 22:23:00,2022-02-19 07:43:00,09:20:00,00:29:00,00:00:00,1,08:51:00,07:45:25,94.8,93.6,06:43:35,06:19:55,02:46:53,02:44:52,58.8,59.0,67.4,69.9,56.0,58.3,39,42,38,34,,,,,,,,
2022-02-20T20:59:59-07:00,"Saturday, Feb 19, 2022","Sunday, Feb 20, 2022",2022-02-19 23:09:00,2022-02-20 06:05:00,06:56:00,00:03:00,00:00:00,1,06:53:00,07:30:25,99.3,94.4,05:22:39,06:02:33,02:17:40,02:34:03,59.1,59.1,65.8,69.4,57.0,58.0,,,31,34,,,,,,,,
2022-02-21T20:59:59-07:00,"Sunday, Feb 20, 2022","Monday, Feb 21, 2022",2022-02-20 21:45:00,2022-02-21 07:01:00,09:16:00,00:10:00,00:00:00,1,09:06:00,07:41:34,98.2,94.2,06:59:48,06:06:44,03:02:00,02:34:11,56.6,59.0,65.3,68.6,59.0,58.7,,,36,34,,,,,,,,
2022-02-22T20:59:59-07:00,"Monday, Feb 21, 2022","Tuesday, Feb 22, 2022",2022-02-21 21:15:00,2022-02-22 07:23:00,10:08:00,01:39:00,00:00:00,1,08:29:00,07:46:08,83.7,92.3,05:35:57,06:02:26,01:47:58,02:24:37,57.4,58.9,66.8,68.4,58.0,58.6,55,42,47,35,,,,,,,,
2022-02-23T20:59:59-07:00,"Tuesday, Feb 22, 2022","Wednesday, Feb 23, 2022",2022-02-22 21:01:00,2022-02-23 06:27:00,09:26:00,00:50:00,00:00:00,1,08:36:00,07:46:25,91.2,92.6,06:19:43,05:55:39,02:31:46,02:19:36,56.6,58.8,66.5,67.8,57.0,58.3,,,38,34,,,,,,,,
2022-02-24T20:59:59-07:00,"Wednesday, Feb 23, 2022","Thursday, Feb 24, 2022",2022-02-23 21:45:00,2022-02-24 07:01:00,09:16:00,00:47:00,00:00:00,1,08:29:00,07:58:00,91.5,91.9,06:50:41,06:00:37,01:47:58,02:06:38,58.4,58.9,67.3,67.5,60.0,59.4,,,32,35,,,,,,,,
2022-02-25T20:59:59-07:00,"Thursday, Feb 24, 2022","Friday, Feb 25, 2022",2022-02-24 21:30:00,2022-02-25 03:00:00,05:30:00,00:20:00,00:00:00,1,05:10:00,07:56:17,93.9,93.2,04:28:50,06:03:02,02:42:23,02:25:14,56.6,57.7,,,55.0,57.4,,,28,36,,,,,,,,
2022-02-27T20:59:59-07:00,"Saturday, Feb 26, 2022","Sunday, Feb 27, 2022",2022-02-26 22:40:00,2022-02-27 07:50:00,09:10:00,00:10:00,00:00:00,1,09:00:00,07:57:34,98.2,93.7,06:57:27,06:05:01,04:00:00,02:35:40,62.9,58.2,67.7,68.4,66.0,58.9,,,29,34,,,,,,,,
2022-02-28T20:59:59-07:00,"Sunday, Feb 27, 2022","Monday, Feb 28, 2022",2022-02-27 22:53:00,2022-02-28 06:54:00,08:01:00,00:09:00,00:00:00,1,07:52:00,08:06:00,98.1,93.6,06:35:42,06:15:27,03:15:19,02:43:54,57.5,58.0,68.7,68.9,58.0,59.0,43,44,64,39,,,,,,,,
2022-03-01T20:59:59-07:00,"Monday, Feb 28, 2022","Tuesday, Mar 1, 2022",2022-02-28 21:31:00,2022-03-01 06:15:00,08:44:00,01:01:00,00:00:00,1,07:43:00,07:54:08,88.4,92.1,06:19:17,06:09:40,02:34:20,02:39:57,57.9,58.2,71.3,69.7,56.0,58.6,27,44,27,38,,,,,,,,
2022-03-02T20:59:59-07:00,"Tuesday, Mar 1, 2022","Wednesday, Mar 2, 2022",2022-03-01 22:15:00,2022-03-02 06:54:00,08:39:00,00:06:00,00:00:00,1,08:33:00,07:54:42,98.8,94.3,06:45:12,06:19:33,03:06:33,02:51:11,58.1,58.3,68.3,69.9,61.0,59.0,,,35,36,,,,,,,,
2022-03-03T20:59:59-07:00,"Wednesday, Mar 2, 2022","Thursday, Mar 3, 2022",2022-03-02 21:46:00,2022-03-03 06:44:00,08:58:00,01:15:00,00:00:00,1,07:43:00,07:47:08,86.1,93.6,04:59:08,06:08:03,00:59:45,02:38:02,59.9,58.7,71.0,70.6,59.0,59.3,48,45,25,34,,,,,,,,
2022-03-04T20:59:59-07:00,"Thursday, Mar 3, 2022","Friday, Mar 4, 2022",2022-03-03 21:15:00,2022-03-04 06:34:00,09:19:00,00:51:00,00:00:00,1,08:28:00,07:47:00,90.9,93.5,05:57:53,06:00:30,01:47:45,02:38:00,61.7,59.2,68.9,70.8,63.0,59.7,,,22,33,,,,,,,,
2022-03-05T20:59:59-07:00,"Friday, Mar 4, 2022","Saturday, Mar 5, 2022",2022-03-05 01:15:00,2022-03-05 04:15:00,03:00:00,00:00:00,00:00:00,1,03:00:00,07:28:25,100.0,94.3,02:33:33,05:44:02,,,66.1,60.6,,,67.2,61.5,27,38,,,,,,,,,,
2022-03-07T20:59:59-07:00,"Sunday, Mar 6, 2022","Monday, Mar 7, 2022",2022-03-06 21:31:00,2022-03-07 07:47:00,10:16:00,00:31:00,00:00:00,1,09:45:00,07:34:51,95.0,93.9,06:49:06,05:42:50,03:35:32,02:45:36,56.2,59.6,64.9,69.0,54.0,59.7,49,41,47,36,,,,,,,,
2022-03-08T20:59:59-07:00,"Monday, Mar 7, 2022","Tuesday, Mar 8, 2022",2022-03-07 21:25:00,2022-03-08 06:31:00,09:06:00,00:51:00,00:00:00,1,08:15:00,07:38:08,90.7,92.8,05:23:05,05:32:28,01:27:21,02:23:47,58.9,59.8,66.5,68.7,55.0,59.3,,,30,36,,,,,,,,
2022-03-09T20:59:59-07:00,"Tuesday, Mar 8, 2022","Wednesday, Mar 9, 2022",2022-03-08 21:55:00,2022-03-09 06:47:00,08:52:00,00:16:00,00:00:00,1,08:36:00,07:45:42,97.0,94.1,05:55:55,05:29:07,01:31:04,02:08:54,59.7,60.1,68.2,68.2,58.0,59.6,,,44,33,,,,,,,,
2022-03-10T20:59:59-07:00,"Wednesday, Mar 9, 2022","Thursday, Mar 10, 2022",2022-03-09 21:27:00,2022-03-10 06:49:00,09:52:00,00:57:00,00:00:00,2,08:55:00,07:48:51,89.9,92.8,06:39:59,05:28:22,02:28:32,02:08:04,58.8,60.2,70.6,68.5,59.0,59.3,47,42,31,33,,,,,,,,
2022-03-11T20:59:59-07:00,"Thursday, Mar 10, 2022","Friday, Mar 11, 2022",2022-03-10 21:22:00,2022-03-11 06:50:00,09:28:00,00:58:00,00:00:00,1,08:30:00,07:55:34,89.8,93.3,06:45:47,05:43:37,03:05:27,02:07:55,58.5,60.0,76.5,69.3,57.0,59.0,40,40,25,32,,,,,,,,
2022-03-12T20:59:59-07:00,"Friday, Mar 11, 2022","Saturday, Mar 12, 2022",2022-03-11 22:30:00,2022-03-12 06:35:00,09:30:00,01:12:00,00:00:00,2,08:18:00,07:54:08,88.5,93.0,06:42:46,05:50:01,02:20:55,02:19:30,66.3,60.6,72.1,69.8,66.0,59.5,,,19,31,,,,,,,,
2022-03-13T21:59:59-06:00,"Saturday, Mar 12, 2022","Sunday, Mar 13, 2022",2022-03-12 21:53:00,2022-03-13 07:15:00,08:22:00,00:00:00,00:00:00,1,08:22:00,08:40:08,100.0,93.0,07:15:44,06:30:20,04:02:21,02:38:44,56.2,59.2,69.4,69.7,57.0,58.0,,,45,34,,,,,,,,
2022-03-14T20:59:59-06:00,"Sunday, Mar 13, 2022","Monday, Mar 14, 2022",2022-03-13 22:01:00,2022-03-14 07:11:00,09:10:00,01:37:00,00:00:00,1,07:33:00,08:21:17,82.4,91.2,05:42:25,06:20:49,01:49:21,02:23:34,58.5,59.6,66.4,70.0,53.0,57.9,,,31,32,,,,,,,,
2022-03-15T20:59:59-06:00,"Monday, Mar 14, 2022","Tuesday, Mar 15, 2022",2022-03-14 23:00:00,2022-03-15 07:10:00,08:40:00,00:54:00,00:00:00,2,07:46:00,08:17:08,89.0,90.9,06:25:49,06:29:46,02:35:43,02:33:20,55.4,59.1,67.5,70.1,55.0,57.9,,,36,33,,,,,,,,
2022-03-16T20:59:59-06:00,"Tuesday, Mar 15, 2022","Wednesday, Mar 16, 2022",2022-03-15 21:24:00,2022-03-16 07:06:00,09:42:00,01:05:00,00:00:00,1,08:37:00,08:17:17,88.8,89.8,07:02:21,06:39:16,03:08:00,02:47:11,56.0,58.5,66.4,69.9,59.0,58.0,,,35,32,,,,,,,,
2022-03-17T20:59:59-06:00,"Wednesday, Mar 16, 2022","Thursday, Mar 17, 2022",2022-03-16 21:20:00,2022-03-17 06:53:00,09:33:00,01:33:00,00:00:00,1,08:00:00,08:09:25,83.8,88.9,05:45:30,06:31:29,02:00:00,02:43:06,58.5,58.5,72.2,70.1,56.0,57.6,,,33,32,,,,,,,,
2022-03-18T20:59:59-06:00,"Thursday, Mar 17, 2022","Friday, Mar 18, 2022",2022-03-17 23:30:00,2022-03-18 07:06:00,07:36:00,00:28:00,00:00:00,1,07:08:00,07:57:42,93.9,89.5,05:47:05,06:23:06,02:38:31,02:39:15,62.7,59.1,75.3,69.9,58.0,57.7,,,29,33,,,,,,,,
2022-03-19T20:59:59-06:00,"Friday, Mar 18, 2022","Saturday, Mar 19, 2022",2022-03-18 22:44:00,2022-03-19 07:53:00,09:09:00,00:38:00,00:00:00,1,08:31:00,07:59:34,93.1,90.1,07:20:52,06:28:32,03:52:16,02:52:18,61.4,58.4,72.3,69.9,57.0,56.4,,,36,35,,,,,,,,
2022-03-20T20:59:59-06:00,"Saturday, Mar 19, 2022","Sunday, Mar 20, 2022",2022-03-19 23:30:00,2022-03-20 08:00:00,09:01:00,00:56:00,00:00:00,2,08:05:00,07:57:08,89.0,88.6,06:10:30,06:19:13,01:00:32,02:26:20,66.0,59.8,71.3,70.2,59.0,56.7,,,30,33,,,,,,,,
2022-03-21T20:59:59-06:00,"Sunday, Mar 20, 2022","Monday, Mar 21, 2022",2022-03-20 22:11:00,2022-03-21 06:34:00,08:23:00,00:00:00,00:00:00,1,08:23:00,08:04:17,100.0,91.1,07:00:23,06:30:21,03:02:55,02:36:51,58.3,59.7,67.3,70.3,55.0,57.0,,,22,32,,,,,,,,
2022-03-22T20:59:59-06:00,"Monday, Mar 21, 2022","Tuesday, Mar 22, 2022",2022-03-21 21:30:00,2022-03-22 07:01:00,09:31:00,01:17:00,00:00:00,1,08:14:00,08:08:17,86.5,90.7,06:57:44,06:34:55,04:22:26,02:52:05,55.5,59.8,68.6,70.5,54.0,56.9,,,38,32,,,,,,,,
2022-03-23T20:59:59-06:00,"Tuesday, Mar 22, 2022","Wednesday, Mar 23, 2022",2022-03-22 21:45:00,2022-03-23 06:28:00,08:43:00,01:14:00,00:00:00,1,07:29:00,07:58:34,85.9,90.3,05:31:20,06:21:55,01:59:44,02:42:20,56.5,59.8,66.8,70.5,55.0,56.3,,,24,30,,,,,,,,
2022-03-24T20:59:59-06:00,"Wednesday, Mar 23, 2022","Thursday, Mar 24, 2022",2022-03-23 22:45:00,2022-03-24 06:36:00,08:05:59,00:48:00,00:00:00,2,07:17:59,07:52:34,89.8,91.2,05:57:12,06:23:35,02:21:00,02:45:20,54.6,59.3,69.3,70.1,55.0,56.1,,,42,32,,,,,,,,
2022-03-25T20:59:59-06:00,"Thursday, Mar 24, 2022","Friday, Mar 25, 2022",2022-03-24 22:45:00,2022-03-25 06:27:00,08:26:00,01:02:00,00:00:00,2,07:24:00,07:54:51,86.6,90.1,05:10:33,06:18:22,02:18:28,02:42:28,59.9,58.9,71.4,69.6,59.0,56.3,,,34,32,,,,,,,,
2022-03-26T20:59:59-06:00,"Friday, Mar 25, 2022","Saturday, Mar 26, 2022",2022-03-25 22:45:00,2022-03-26 07:58:00,09:13:00,03:21:00,00:00:00,1,05:52:00,07:32:08,63.7,85.9,04:57:38,05:57:54,01:31:50,02:22:25,62.4,59.0,70.0,69.2,57.0,56.3,,,36,32,,,,,,,,
2022-03-27T20:59:59-06:00,"Saturday, Mar 26, 2022","Sunday, Mar 27, 2022",2022-03-27 03:06:00,2022-03-27 07:45:00,04:39:00,00:15:00,00:00:00,1,04:24:00,07:00:34,94.6,86.7,03:26:18,05:34:27,,,69.0,59.5,77.9,70.2,75.0,58.6,,,26,32,,,,,,,,
2022-03-28T20:59:59-06:00,"Sunday, Mar 27, 2022","Monday, Mar 28, 2022",2022-03-27 21:24:00,2022-03-28 07:01:00,09:37:00,00:47:00,00:00:00,1,08:50:00,07:04:25,91.9,85.6,07:33:50,05:39:14,03:53:49,02:47:10,60.6,59.8,70.2,70.6,57.0,58.9,35,39,35,34,,,,,,,,
2022-03-29T20:59:59-06:00,"Monday, Mar 28, 2022","Tuesday, Mar 29, 2022",2022-03-28 22:18:00,2022-03-29 07:02:00,08:44:00,00:55:00,00:00:00,1,07:49:00,07:00:51,89.5,86.0,06:00:08,05:31:00,01:45:54,02:36:10,61.6,60.7,70.4,70.9,56.0,59.1,63,44,31,33,,,,,,,,
2022-03-30T20:59:59-06:00,"Tuesday, Mar 29, 2022","Wednesday, Mar 30, 2022",2022-03-29 22:30:00,2022-03-30 07:00:00,08:30:00,00:52:00,00:00:00,1,07:38:00,07:02:08,89.8,86.5,05:57:30,05:34:44,03:03:12,02:24:51,54.7,60.4,66.4,70.8,53.0,58.9,54,45,39,35,,,,,,,,
2022-03-31T20:59:59-06:00,"Wednesday, Mar 30, 2022","Thursday, Mar 31, 2022",2022-03-30 21:00:00,2022-03-31 06:48:00,09:48:00,00:35:00,00:00:00,1,09:13:00,07:18:34,94.0,87.2,06:54:17,05:42:53,02:02:53,02:25:18,56.6,60.7,68.7,70.7,61.0,59.7,30,46,27,32,,,,,,,,
2022-04-01T20:59:59-06:00,"Thursday, Mar 31, 2022","Friday, Apr 1, 2022",2022-03-31 22:15:00,2022-04-01 06:41:00,13:43:00,05:16:00,00:00:00,2,08:27:00,07:27:34,84.8,86.9,06:04:36,05:50:37,01:47:32,02:20:31,57.7,60.4,66.0,69.9,56.0,59.3,,,36,33,,,,,,,,
2022-04-02T20:59:59-06:00,"Friday, Apr 1, 2022","Saturday, Apr 2, 2022",2022-04-01 21:00:00,2022-04-02 06:34:00,09:34:00,01:26:00,00:00:00,1,08:08:00,07:47:00,85.0,89.9,05:54:51,05:58:47,00:45:45,02:07:16,61.1,60.2,68.9,69.8,59.0,59.6,51,46,21,31,,,,,,,,
2022-04-03T20:59:59-06:00,"Saturday, Apr 2, 2022","Sunday, Apr 3, 2022",2022-04-02 22:15:00,2022-04-03 06:15:00,08:32:00,00:08:00,00:00:00,2,08:24:00,08:21:17,98.3,90.5,06:31:09,06:25:11,02:32:15,02:15:54,56.1,58.3,71.7,68.9,56.0,56.9,,,36,32,,,,,,,,
2022-04-04T20:59:59-06:00,"Sunday, Apr 3, 2022","Monday, Apr 4, 2022",2022-04-03 21:54:00,2022-04-04 10:32:00,13:46:00,05:42:00,00:00:00,2,08:04:00,08:14:42,54.9,85.2,04:55:58,06:02:38,,,83.1,61.6,85.0,71.0,86.0,61.0,12,41,24,31,,,,,,,,
2022-04-05T20:59:59-06:00,"Monday, Apr 4, 2022","Tuesday, Apr 5, 2022",2022-04-04 21:00:00,2022-04-05 05:45:00,08:45:00,01:54:00,00:00:00,1,06:51:00,08:06:25,78.3,83.6,05:16:56,05:56:28,02:47:27,02:06:25,71.7,63.0,75.5,71.7,69.0,62.9,,,32,31,,,,,,,,
2022-04-06T20:59:59-06:00,"Tuesday, Apr 5, 2022","Wednesday, Apr 6, 2022",2022-04-05 21:00:00,2022-04-06 06:01:00,09:01:00,01:21:00,00:00:00,1,07:40:00,08:06:42,85.0,82.9,05:27:30,05:52:11,,,73.6,65.7,74.0,72.8,76.0,66.1,,,27,29,,,,,,,,
2022-04-07T20:59:59-06:00,"Wednesday, Apr 6, 2022","Thursday, Apr 7, 2022",2022-04-06 21:00:00,2022-04-07 06:00:00,09:00:00,01:29:00,00:00:00,1,07:31:00,07:52:08,83.5,81.4,05:33:50,05:40:41,01:17:46,02:02:24,61.8,66.4,69.3,72.9,61.0,66.1,,,55,33,,,,,,,,
2022-04-08T20:59:59-06:00,"Thursday, Apr 7, 2022","Friday, Apr 8, 2022",2022-04-07 21:00:00,2022-04-08 06:28:00,09:28:00,00:57:00,00:00:00,1,08:31:00,07:52:42,90.0,82.1,05:51:21,05:38:48,01:48:24,01:51:43,60.8,66.9,67.5,73.1,62.0,67.0,,,36,33,,,,,,,,
2022-04-09T20:59:59-06:00,"Friday, Apr 8, 2022","Saturday, Apr 9, 2022",2022-04-08 21:33:00,2022-04-09 07:45:00,10:12:00,01:01:00,00:00:00,1,09:11:00,08:01:42,90.0,82.9,07:04:33,05:48:45,03:13:36,02:01:49,56.7,66.3,66.1,72.7,53.0,66.1,42,41,59,38,,,,,,,,
2022-04-10T20:59:59-06:00,"Saturday, Apr 9, 2022","Sunday, Apr 10, 2022",2022-04-09 23:00:00,2022-04-10 07:28:00,08:28:00,00:32:00,00:00:00,1,07:56:00,07:57:42,93.7,82.2,06:11:05,05:45:53,01:16:46,01:57:25,53.7,65.9,64.8,71.7,55.0,66.0,22,39,31,38,,,,,,,,
2022-04-11T20:59:59-06:00,"Sunday, Apr 10, 2022","Monday, Apr 11, 2022",2022-04-10 21:01:00,2022-04-11 07:04:00,10:03:00,01:00:00,00:00:00,1,09:03:00,08:06:08,90.0,87.2,07:18:02,06:06:11,03:31:10,02:21:03,54.8,61.9,63.3,68.7,55.0,61.6,52,38,47,41,,,,,,,,
2022-04-12T20:59:59-06:00,"Monday, Apr 11, 2022","Tuesday, Apr 12, 2022",2022-04-11 22:41:00,2022-04-12 05:46:00,07:33:00,00:15:00,00:00:00,2,07:18:00,08:10:00,96.5,89.8,06:05:13,06:13:05,03:02:13,02:25:20,53.7,59.3,64.6,67.1,55.0,59.6,,,42,42,,,,,,,,
2022-04-13T20:59:59-06:00,"Tuesday, Apr 12, 2022","Wednesday, Apr 13, 2022",2022-04-12 21:02:00,2022-04-13 06:50:00,09:48:00,01:08:00,00:00:00,1,08:40:00,08:18:34,88.4,90.3,06:11:42,06:19:24,01:31:46,02:14:31,53.9,56.5,68.8,66.4,53.0,56.3,,,31,43,,,,,,,,
2022-04-14T20:59:59-06:00,"Wednesday, Apr 13, 2022","Thursday, Apr 14, 2022",2022-04-13 21:00:00,2022-04-14 07:01:00,10:42:00,01:55:00,00:00:00,2,08:47:00,08:29:25,80.9,89.9,06:59:13,06:31:36,02:15:10,02:22:43,61.4,56.4,71.1,66.6,56.0,55.6,,,31,40,,,,,,,,
2022-04-15T20:59:59-06:00,"Thursday, Apr 14, 2022","Friday, Apr 15, 2022",2022-04-14 22:45:00,2022-04-15 06:31:00,07:46:00,00:06:00,00:00:00,1,07:40:00,08:22:08,98.7,91.2,06:04:48,06:33:31,02:18:00,02:26:57,57.3,55.9,69.8,66.9,57.0,54.9,,,31,39,,,,,,,,
2022-04-16T20:59:59-06:00,"Friday, Apr 15, 2022","Saturday, Apr 16, 2022",2022-04-15 21:15:00,2022-04-16 07:26:00,10:11:00,01:15:00,00:00:00,1,08:56:00,08:20:00,87.7,90.9,07:01:43,06:33:07,03:49:43,02:32:06,59.0,56.2,67.3,67.1,55.0,55.1,,,29,35,,,,,,,,
2022-04-17T20:59:59-06:00,"Saturday, Apr 16, 2022","Sunday, Apr 17, 2022",2022-04-16 23:00:00,2022-04-17 06:00:00,08:12:00,00:16:00,00:00:00,2,07:56:00,08:20:00,96.2,91.2,05:45:33,06:29:28,01:44:44,02:36:06,59.5,57.1,66.0,67.3,57.0,55.4,,,30,34,,,,,,,,
2022-04-18T20:59:59-06:00,"Sunday, Apr 17, 2022","Monday, Apr 18, 2022",2022-04-17 21:45:00,2022-04-18 07:27:00,09:42:00,01:48:00,00:00:00,1,07:54:00,08:10:08,81.4,90.0,05:53:36,06:17:24,01:47:02,02:21:14,58.4,57.6,67.7,67.9,57.0,55.7,49,37,39,33,,,,,,,,
2022-04-19T20:59:59-06:00,"Monday, Apr 18, 2022","Tuesday, Apr 19, 2022",2022-04-18 23:30:00,2022-04-19 06:04:00,06:34:00,00:00:00,00:00:00,1,06:34:00,08:03:51,100.0,90.5,05:34:36,06:13:02,03:32:09,02:25:30,55.2,57.8,72.7,69.1,55.0,55.7,,,38,33,,,,,,,,
2022-04-20T20:59:59-06:00,"Tuesday, Apr 19, 2022","Wednesday, Apr 20, 2022",2022-04-19 22:01:00,2022-04-20 06:40:00,08:39:00,01:24:00,00:00:00,1,07:15:00,07:51:42,83.8,89.8,05:36:40,06:08:01,01:17:41,02:23:29,57.5,58.3,66.0,68.7,55.0,56.0,,,42,34,,,,,,,,
2022-04-21T20:59:59-06:00,"Wednesday, Apr 20, 2022","Thursday, Apr 21, 2022",2022-04-20 21:40:00,2022-04-21 07:00:00,09:20:00,00:55:00,00:00:00,1,08:25:00,07:48:34,90.2,91.2,07:15:41,06:10:22,02:28:32,02:25:24,57.0,57.7,69.6,68.5,55.0,55.9,,,27,34,,,,,,,,
2022-04-22T20:59:59-06:00,"Thursday, Apr 21, 2022","Friday, Apr 22, 2022",2022-04-21 21:14:00,2022-04-22 06:45:00,09:31:00,01:27:00,00:00:00,1,08:04:00,07:52:00,84.8,89.2,06:49:55,06:16:49,03:31:45,02:35:56,56.2,57.6,75.4,69.3,54.0,55.4,,,37,34,,,,,,,,
2022-04-23T20:59:59-06:00,"Friday, Apr 22, 2022","Saturday, Apr 23, 2022",2022-04-23 00:38:00,2022-04-23 07:27:00,08:16:00,00:42:00,00:00:00,2,07:34:00,07:40:17,93.9,90.0,05:32:55,06:04:08,,,70.6,59.2,71.3,69.8,74.0,58.1,,,22,33,,,,,,,,
2022-04-24T20:59:59-06:00,"Saturday, Apr 23, 2022","Sunday, Apr 24, 2022",2022-04-23 21:47:00,2022-04-24 06:30:00,08:43:00,00:11:00,00:00:00,1,08:32:00,07:45:25,97.9,90.3,06:57:24,06:14:24,03:45:53,02:35:23,57.5,58.9,70.1,70.4,56.0,58.0,,,33,34,,,,,,,,
2022-04-25T20:59:59-06:00,"Sunday, Apr 24, 2022","Monday, Apr 25, 2022",2022-04-24 22:30:00,2022-04-25 07:11:00,08:41:00,00:32:00,00:00:00,1,08:09:00,07:47:34,93.9,92.1,06:14:24,06:17:22,03:25:04,02:49:43,55.8,58.6,66.2,70.2,54.0,57.6,,,47,35,,,,,,,,
2022-04-26T20:59:59-06:00,"Monday, Apr 25, 2022","Tuesday, Apr 26, 2022",2022-04-25 21:43:00,2022-04-26 06:59:00,09:16:00,00:04:00,00:00:00,1,09:12:00,08:10:08,99.3,92.0,07:30:43,06:33:57,03:25:02,03:03:43,52.7,58.2,66.4,69.3,54.0,57.4,,,60,38,,,,,,,,
2022-04-27T20:59:59-06:00,"Tuesday, Apr 26, 2022","Wednesday, Apr 27, 2022",2022-04-26 21:20:00,2022-04-27 06:34:00,10:01:00,00:46:00,00:00:00,2,09:15:00,08:27:17,91.7,93.1,07:43:20,06:52:03,03:20:07,03:02:00,54.8,57.8,71.7,70.1,55.0,57.4,,,35,37,,,,,,,,
2022-04-28T20:59:59-06:00,"Wednesday, Apr 27, 2022","Thursday, Apr 28, 2022",2022-04-27 23:16:00,2022-04-28 07:30:00,08:14:00,01:56:00,00:00:00,1,06:18:00,08:09:08,76.5,91.1,05:04:01,06:33:15,02:46:19,03:14:40,61.8,58.5,72.9,70.6,68.0,59.3,24,36,30,38,,,,,,,,
2022-04-29T20:59:59-06:00,"Thursday, Apr 28, 2022","Friday, Apr 29, 2022",2022-04-28 22:09:00,2022-04-29 06:04:00,07:55:00,00:41:00,00:00:00,1,07:14:00,08:02:00,91.4,92.1,06:50:26,06:33:19,04:01:07,03:27:53,59.4,58.9,71.0,69.9,53.0,59.1,,,26,36,,,,,,,,
2022-04-30T20:59:59-06:00,"Friday, Apr 29, 2022","Saturday, Apr 30, 2022",2022-04-29 22:34:00,2022-04-30 06:37:00,08:03:00,01:10:00,00:00:00,1,06:53:00,07:56:08,85.5,90.9,04:34:30,06:24:58,01:13:45,03:08:11,61.7,57.7,66.4,69.2,56.0,56.6,,,25,37,,,,,,,,
2022-05-01T20:59:59-06:00,"Saturday, Apr 30, 2022","Sunday, May 1, 2022",2022-04-30 22:32:00,2022-05-01 07:03:00,08:31:00,00:11:00,00:00:00,1,08:20:00,07:54:25,97.8,90.9,07:00:14,06:25:23,02:16:22,02:55:23,58.7,57.9,74.1,69.8,59.0,57.0,,,19,35,,,,,,,,
2022-05-02T20:59:59-06:00,"Sunday, May 1, 2022","Monday, May 2, 2022",2022-05-01 21:18:00,2022-05-02 05:52:00,08:34:00,00:00:00,00:00:00,1,08:34:00,07:58:00,100.0,91.7,06:29:57,06:27:36,01:45:49,02:41:13,64.1,59.0,78.1,71.5,59.0,57.7,,,22,31,,,,,,,,
2022-05-03T20:59:59-06:00,"Monday, May 2, 2022","Tuesday, May 3, 2022",2022-05-02 22:01:00,2022-05-03 04:44:00,06:43:00,00:11:00,00:00:00,1,06:32:00,07:35:08,97.3,91.5,04:48:20,06:04:24,01:45:32,02:27:00,67.5,61.2,70.3,72.1,61.0,58.7,25,32,24,26,,,,,,,,
2022-05-04T20:59:59-06:00,"Tuesday, May 3, 2022","Wednesday, May 4, 2022",2022-05-03 22:37:00,2022-05-04 05:56:00,07:19:00,00:16:00,00:00:00,1,07:03:00,07:16:17,96.4,92.1,05:29:48,05:45:19,01:27:31,02:10:55,59.1,61.8,68.0,71.5,59.0,59.3,22,34,33,26,,,,,,,,
2022-05-05T20:59:59-06:00,"Wednesday, May 4, 2022","Thursday, May 5, 2022",2022-05-04 22:00:00,2022-05-05 06:43:00,08:43:00,00:34:00,00:00:00,1,08:09:00,07:32:08,93.5,94.5,06:22:22,05:56:31,02:28:11,02:08:19,58.1,61.2,71.4,71.3,60.0,58.1,49,35,33,26,,,,,,,,
2022-05-06T20:59:59-06:00,"Thursday, May 5, 2022","Friday, May 6, 2022",2022-05-05 21:45:00,2022-05-06 05:50:00,08:42:00,01:24:00,00:00:00,2,07:18:00,07:32:42,82.7,93.3,05:01:06,05:40:54,,,68.0,62.5,68.8,71.0,67.0,60.1,,,17,25,,,,,,,,
2022-05-07T20:59:59-06:00,"Friday, May 6, 2022","Saturday, May 7, 2022",2022-05-06 21:00:00,2022-05-07 06:03:00,09:03:00,00:23:00,00:00:00,1,08:40:00,07:48:00,95.8,94.8,07:41:13,06:07:34,03:40:36,02:05:23,59.2,62.1,68.5,71.3,54.0,59.9,25,35,29,25,,,,,,,,
2022-05-08T20:59:59-06:00,"Saturday, May 7, 2022","Sunday, May 8, 2022",2022-05-07 21:28:00,2022-05-08 06:31:00,09:03:00,00:05:00,00:00:00,1,08:58:00,07:53:25,99.1,94.9,07:25:09,06:11:08,03:19:50,02:23:24,58.2,62.0,67.7,70.4,55.0,59.3,30,32,22,26,,,,,,,,
2022-05-09T20:59:59-06:00,"Sunday, May 8, 2022","Monday, May 9, 2022",2022-05-08 21:17:00,2022-05-09 06:50:00,09:33:00,01:11:00,00:00:00,1,08:22:00,07:51:42,87.6,93.2,06:07:55,06:07:59,02:16:55,02:23:29,58.9,61.3,66.1,68.7,62.0,59.7,33,30,47,29,,,,,,,,
2022-05-10T20:59:59-06:00,"Monday, May 9, 2022","Tuesday, May 10, 2022",2022-05-09 21:16:00,2022-05-10 07:01:00,09:45:00,01:14:00,00:00:00,1,08:31:00,08:08:42,87.4,91.8,07:09:18,06:28:07,03:30:25,02:38:25,55.7,59.6,70.1,68.7,55.0,58.9,51,34,43,32,,,,,,,,
2022-05-11T20:59:59-06:00,"Tuesday, May 10, 2022","Wednesday, May 11, 2022",2022-05-10 21:15:00,2022-05-11 06:53:00,09:38:00,01:46:00,00:00:00,1,07:52:00,08:15:42,81.7,89.7,06:22:42,06:35:41,03:33:10,02:53:48,56.8,59.3,68.5,68.7,57.0,58.6,,,56,35,,,,,,,,
2022-05-12T20:59:59-06:00,"Wednesday, May 11, 2022","Thursday, May 12, 2022",2022-05-11 22:16:00,2022-05-12 06:56:00,08:40:00,00:39:00,00:00:00,1,08:01:00,08:14:34,92.5,89.5,06:05:57,06:33:20,03:00:22,03:07:04,57.5,59.2,70.2,68.6,57.0,58.1,,,74,41,,,,,,,,
2022-05-13T20:59:59-06:00,"Thursday, May 12, 2022","Friday, May 13, 2022",2022-05-12 21:26:00,2022-05-13 06:32:00,09:06:00,00:35:00,00:00:00,1,08:31:00,08:25:00,93.6,91.1,06:59:22,06:50:14,04:07:45,03:21:17,59.0,57.9,75.6,69.5,57.0,56.7,33,35,35,44,,,,,,,,
2022-05-14T20:59:59-06:00,"Friday, May 13, 2022","Saturday, May 14, 2022",2022-05-13 23:45:00,2022-05-14 06:00:00,06:15:00,00:54:00,00:00:00,1,05:21:00,07:56:34,85.6,89.6,04:11:57,06:20:20,01:47:00,03:05:03,55.8,57.4,67.7,69.4,52.0,56.4,,,25,43,,,,,,,,
2022-05-15T20:59:59-06:00,"Saturday, May 14, 2022","Sunday, May 15, 2022",2022-05-14 22:28:00,2022-05-15 06:50:00,08:22:00,01:12:00,00:00:00,1,07:10:00,07:41:08,85.7,87.7,05:29:39,06:03:50,00:30:43,02:40:54,65.7,58.5,79.8,71.1,59.0,57.0,,,23,43,,,,,,,,
2022-05-16T20:59:59-06:00,"Sunday, May 15, 2022","Monday, May 16, 2022",2022-05-15 21:00:00,2022-05-16 07:21:00,10:21:00,01:18:00,00:00:00,1,09:03:00,07:47:00,87.4,87.7,07:07:58,06:12:25,03:21:41,02:50:09,56.7,58.2,75.2,72.4,59.0,56.6,,,41,42,,,,,,,,
2022-05-17T20:59:59-06:00,"Monday, May 16, 2022","Tuesday, May 17, 2022",2022-05-16 22:15:00,2022-05-17 06:59:00,08:44:00,00:01:00,00:00:00,1,08:43:00,07:48:42,99.8,89.5,07:33:50,06:15:55,04:21:30,02:57:27,56.2,58.2,73.6,72.9,60.0,57.3,,,48,43,,,,,,,,
2022-05-18T20:59:59-06:00,"Tuesday, May 17, 2022","Wednesday, May 18, 2022",2022-05-17 22:45:00,2022-05-18 07:01:00,08:16:00,01:18:00,00:00:00,1,06:58:00,07:41:00,84.3,89.8,05:19:29,06:06:53,01:32:53,02:40:16,62.0,59.0,70.7,73.3,51.0,56.4,,,29,39,,,,,,,,
2022-05-19T20:59:59-06:00,"Wednesday, May 18, 2022","Thursday, May 19, 2022",2022-05-18 23:00:00,2022-05-19 06:49:00,07:49:00,01:18:00,00:00:00,1,06:31:00,07:28:08,83.4,88.5,05:09:27,05:58:49,02:20:46,02:34:36,58.8,59.2,74.2,73.8,60.0,56.9,,,47,35,,,,,,,,
2022-05-20T20:59:59-06:00,"Thursday, May 19, 2022","Friday, May 20, 2022",2022-05-19 21:45:00,2022-05-20 06:12:00,08:27:00,00:31:00,00:00:00,1,07:56:00,07:23:08,93.9,88.6,05:56:32,05:49:50,02:18:12,02:18:57,58.4,59.1,69.1,72.9,56.0,56.7,,,38,36,,,,,,,,
2022-05-21T20:59:59-06:00,"Friday, May 20, 2022","Saturday, May 21, 2022",2022-05-21 00:10:00,2022-05-21 14:30:00,14:20:00,05:54:00,00:00:00,1,08:26:00,07:49:34,58.8,84.8,06:48:48,06:12:15,00:15:20,02:05:52,69.0,61.0,73.6,73.8,62.0,58.1,,,26,36,,,,,,,,
2022-05-22T20:59:59-06:00,"Saturday, May 21, 2022","Sunday, May 22, 2022",2022-05-21 22:11:00,2022-05-22 07:16:00,09:55:00,01:24:00,00:00:00,2,08:31:00,08:01:08,84.6,84.6,05:44:12,06:14:19,02:58:27,02:26:58,60.2,60.2,72.8,72.8,60.0,58.3,,,37,38,,,,,,,,
2022-05-23T20:59:59-06:00,"Sunday, May 22, 2022","Monday, May 23, 2022",2022-05-22 21:31:00,2022-05-23 06:51:00,09:20:00,00:51:00,00:00:00,1,08:29:00,07:56:17,90.9,85.1,07:08:18,06:14:22,03:05:05,02:24:36,56.0,60.1,64.9,71.3,54.0,57.6,,,40,38,,,,,,,,
2022-05-24T20:59:59-06:00,"Monday, May 23, 2022","Tuesday, May 24, 2022",2022-05-23 23:15:00,2022-05-24 07:00:00,07:45:00,00:32:00,00:00:00,1,07:13:00,07:43:25,93.1,84.1,04:59:45,05:52:22,00:14:56,01:49:22,59.9,60.6,71.5,71.0,62.0,57.9,32,36,27,35,,,,,,,,
2022-05-25T20:59:59-06:00,"Tuesday, May 24, 2022","Wednesday, May 25, 2022",2022-05-24 23:14:00,2022-05-25 06:14:00,07:00:00,00:26:00,00:00:00,1,06:34:00,07:40:00,93.8,85.5,05:12:57,05:51:26,00:15:46,01:38:21,69.5,61.7,74.2,71.5,66.0,60.0,41,35,24,34,,,,,,,,
2022-05-26T20:59:59-06:00,"Wednesday, May 25, 2022","Thursday, May 26, 2022",2022-05-25 21:00:00,2022-05-26 06:38:00,09:38:00,01:44:00,00:00:00,1,07:54:00,07:51:51,82.0,85.3,06:40:42,06:04:28,01:58:30,01:35:10,63.0,62.3,72.1,71.2,61.0,60.1,34,36,26,31,,,,,,,,
2022-05-27T20:59:59-06:00,"Thursday, May 26, 2022","Friday, May 27, 2022",2022-05-27 01:30:00,2022-05-27 06:45:00,05:15:00,00:47:00,00:00:00,1,04:28:00,07:22:08,85.1,84.0,03:10:59,05:40:49,,,74.8,64.6,77.3,72.4,72.3,62.5,21,35,25,29,,,,,,,,
2022-05-28T20:59:59-06:00,"Friday, May 27, 2022","Saturday, May 28, 2022",2022-05-27 22:17:00,2022-05-28 03:30:00,05:13:00,00:32:00,00:00:00,1,04:41:00,06:50:00,89.8,88.5,04:00:37,05:16:47,02:34:33,01:37:31,56.0,62.8,68.3,71.6,53.0,61.2,26,34,54,33,,,,,,,,
2022-05-29T20:59:59-06:00,"Saturday, May 28, 2022","Sunday, May 29, 2022",2022-05-28 21:48:00,2022-05-29 07:33:00,09:45:00,00:59:00,00:00:00,1,08:46:00,06:52:08,89.9,89.2,06:14:12,05:21:04,01:17:21,01:46:22,57.5,62.4,64.9,70.5,56.0,60.6,56,35,42,34,,,,,,,,
2022-05-30T20:59:59-06:00,"Sunday, May 29, 2022","Monday, May 30, 2022",2022-05-29 22:31:00,2022-05-30 07:01:00,08:30:00,00:42:00,00:00:00,1,07:48:00,06:46:17,91.8,89.4,06:09:56,05:12:44,02:30:58,01:42:27,57.0,62.5,65.7,70.6,53.0,60.5,,,41,34,,,,,,,,
2022-05-31T20:59:59-06:00,"Monday, May 30, 2022","Tuesday, May 31, 2022",2022-05-30 22:15:00,2022-05-31 06:48:00,08:33:00,00:19:00,00:00:00,1,08:14:00,06:55:00,96.3,89.8,06:56:47,05:29:27,03:20:41,01:44:40,58.3,62.3,72.2,70.7,60.0,60.2,,,41,36,,,,,,,,
2022-06-01T20:59:59-06:00,"Tuesday, May 31, 2022","Wednesday, Jun 1, 2022",2022-05-31 22:24:00,2022-06-01 03:30:00,05:06:00,00:57:00,00:00:00,1,04:09:00,06:34:17,81.4,88.0,02:43:58,05:08:10,00:55:20,01:50:27,58.2,60.7,72.0,70.4,55.0,58.6,58,38,31,37,,,,,,,,
2022-06-02T20:59:59-06:00,"Wednesday, Jun 1, 2022","Thursday, Jun 2, 2022",2022-06-01 22:00:00,2022-06-02 06:04:00,08:04:00,01:20:00,00:00:00,1,06:44:00,06:24:17,83.5,88.2,05:05:31,04:54:34,02:04:18,02:05:57,56.4,59.8,71.1,70.2,54.0,57.6,,,29,37,,,,,,,,
2022-06-03T20:59:59-06:00,"Thursday, Jun 2, 2022","Friday, Jun 3, 2022",2022-06-02 22:45:00,2022-06-03 06:23:00,07:38:00,00:20:00,00:00:00,1,07:18:00,06:48:34,95.6,89.7,05:21:04,05:13:09,01:33:51,02:02:26,53.7,56.7,68.5,69.0,53.0,54.9,,,42,40,,,,,,,,
2022-06-04T20:59:59-06:00,"Friday, Jun 3, 2022","Saturday, Jun 4, 2022",2022-06-03 22:51:00,2022-06-04 06:30:00,07:39:00,00:54:00,00:00:00,1,06:45:00,07:06:17,88.2,89.5,05:20:38,05:24:35,01:33:28,01:53:42,57.6,57.0,73.3,69.7,57.0,55.4,51,41,33,37,,,,,,,,
2022-06-05T20:59:59-06:00,"Saturday, Jun 4, 2022","Sunday, Jun 5, 2022",2022-06-04 22:47:00,2022-06-05 11:56:00,17:41:00,08:15:00,00:00:00,2,09:26:00,07:12:00,62.2,85.6,06:13:06,05:24:25,00:31:41,01:47:11,69.9,58.7,67.8,70.1,59.0,55.9,23,38,22,34,,,,,,,,
2022-06-06T20:59:59-06:00,"Sunday, Jun 5, 2022","Monday, Jun 6, 2022",2022-06-05 21:00:00,2022-06-06 06:13:00,09:13:00,01:20:00,00:00:00,1,07:53:00,07:12:42,85.5,84.7,06:23:19,05:26:20,03:48:52,01:58:18,55.8,58.6,69.2,70.6,59.0,56.7,,,44,34,,,,,,,,
2022-06-07T20:59:59-06:00,"Monday, Jun 6, 2022","Tuesday, Jun 7, 2022",2022-06-06 21:02:00,2022-06-07 06:25:00,09:23:00,01:16:00,00:00:00,1,08:07:00,07:11:42,86.5,83.3,06:17:11,05:20:41,02:01:45,01:47:02,59.3,58.7,72.6,70.6,56.0,56.1,,,25,32,,,,,,,,
2022-06-08T20:59:59-06:00,"Tuesday, Jun 7, 2022","Wednesday, Jun 8, 2022",2022-06-07 22:27:00,2022-06-08 06:30:00,08:03:00,01:32:00,00:00:00,1,06:31:00,07:32:00,81.0,83.2,05:23:57,05:43:32,02:36:24,02:01:28,58.1,58.7,70.9,70.5,60.0,56.9,,,37,33,,,,,,,,
2022-06-09T20:59:59-06:00,"Wednesday, Jun 8, 2022","Thursday, Jun 9, 2022",2022-06-08 23:00:00,2022-06-09 09:21:00,10:21:00,02:32:00,00:00:00,1,07:49:00,07:41:17,75.5,82.1,06:08:00,05:52:28,01:18:10,01:54:53,57.9,58.9,75.6,71.1,46.0,55.7,25,37,39,34,,,,,,,,
2022-06-10T20:59:59-06:00,"Thursday, Jun 9, 2022","Friday, Jun 10, 2022",2022-06-09 21:08:00,2022-06-10 06:31:00,09:23:00,00:43:00,00:00:00,1,08:40:00,07:53:00,92.4,81.6,06:53:11,06:05:37,03:03:32,02:07:41,58.8,59.6,69.7,71.3,61.0,56.9,,,43,35,,,,,,,,
2022-06-11T20:59:59-06:00,"Friday, Jun 10, 2022","Saturday, Jun 11, 2022",2022-06-11 00:16:00,2022-06-11 05:50:00,05:34:00,00:42:00,00:00:00,1,04:52:00,07:36:51,87.4,81.5,03:50:49,05:52:47,,,69.7,61.3,76.9,71.8,62.0,57.6,,,31,34,,,,,,,,
2022-06-12T20:59:59-06:00,"Saturday, Jun 11, 2022","Sunday, Jun 12, 2022",2022-06-11 21:30:00,2022-06-12 04:55:00,07:25:00,00:00:00,00:00:00,1,07:25:00,07:19:34,100.0,86.9,06:03:27,05:51:25,01:47:25,02:09:41,55.6,59.3,73.3,72.6,54.0,56.9,,,37,36,,,,,,,,
2022-06-13T20:59:59-06:00,"Sunday, Jun 12, 2022","Monday, Jun 13, 2022",2022-06-12 21:47:00,2022-06-13 06:01:00,08:44:00,00:00:00,00:00:00,2,08:44:00,07:26:51,100.0,89.0,06:36:02,05:53:14,02:29:42,02:26:32,60.1,59.9,66.5,72.2,56.0,56.4,,,32,35,,,,,,,,
2022-06-14T20:59:59-06:00,"Monday, Jun 13, 2022","Tuesday, Jun 14, 2022",2022-06-13 21:30:00,2022-06-14 06:59:00,09:29:00,00:00:00,00:00:00,1,09:29:00,07:38:34,100.0,90.9,06:54:08,05:58:31,02:29:44,02:15:14,55.4,59.4,73.1,72.3,57.0,56.6,,,44,37,,,,,,,,
2022-06-15T20:59:59-06:00,"Tuesday, Jun 14, 2022","Wednesday, Jun 15, 2022",2022-06-14 23:14:00,2022-06-15 06:08:00,06:54:00,00:22:00,00:00:00,1,06:32:00,07:38:42,94.7,92.9,05:41:42,06:01:03,03:08:10,02:24:43,57.6,59.3,71.4,72.4,54.0,55.7,,,34,37,,,,,,,,
2022-06-16T20:59:59-06:00,"Wednesday, Jun 15, 2022","Thursday, Jun 16, 2022",2022-06-16 01:15:00,2022-06-16 06:44:00,05:29:00,00:15:00,00:00:00,1,05:14:00,07:16:34,95.4,95.7,03:46:10,05:40:47,,,70.2,61.1,75.3,72.3,66.0,58.6,,,21,35,,,,,,,,
2022-06-17T20:59:59-06:00,"Thursday, Jun 16, 2022","Friday, Jun 17, 2022",2022-06-16 21:48:00,2022-06-17 07:00:00,09:12:00,00:57:00,00:00:00,1,08:15:00,07:13:00,89.7,95.3,06:28:39,05:37:17,01:48:17,02:17:51,61.3,61.4,73.2,72.8,49.0,56.9,65,44,32,33,,,,,,,,
2022-06-18T20:59:59-06:00,"Friday, Jun 17, 2022","Saturday, Jun 18, 2022",2022-06-17 23:01:00,2022-06-18 06:57:00,07:56:00,00:09:00,00:00:00,1,07:47:00,07:38:00,98.1,96.8,06:35:51,06:00:51,04:09:04,02:42:16,59.7,60.0,70.6,71.9,59.0,56.4,48,47,41,34,,,,,,,,
2022-06-19T20:59:59-06:00,"Saturday, Jun 18, 2022","Sunday, Jun 19, 2022",2022-06-19 01:06:00,2022-06-19 02:33:00,01:27:00,00:00:00,00:00:00,1,01:27:00,06:46:51,100.0,96.8,01:07:17,05:18:33,,,70.3,62.1,83.2,73.3,68.0,58.4,23,42,27,33,,,,,,,,
2022-06-20T20:59:59-06:00,"Sunday, Jun 19, 2022","Monday, Jun 20, 2022",2022-06-19 21:59:00,2022-06-20 06:10:00,10:25:00,01:02:00,00:00:00,2,09:23:00,06:52:25,100.0,96.8,07:26:09,05:25:42,02:48:47,02:40:09,57.2,61.7,64.6,73.1,56.0,58.4,50,41,29,33,,,,,,,,
2022-06-21T20:59:59-06:00,"Monday, Jun 20, 2022","Tuesday, Jun 21, 2022",2022-06-20 21:16:00,2022-06-21 07:02:00,10:17:00,01:18:00,00:00:00,2,08:59:00,06:48:08,86.7,94.9,06:54:08,05:25:42,02:14:28,02:44:01,57.3,62.0,71.1,72.8,55.0,58.1,,,35,31,,,,,,,,
2022-06-22T20:59:59-06:00,"Tuesday, Jun 21, 2022","Wednesday, Jun 22, 2022",2022-06-21 22:45:00,2022-06-22 06:56:00,08:11:00,00:36:00,00:00:00,1,07:35:00,06:57:08,92.7,94.7,06:21:47,05:31:26,02:46:50,02:46:28,57.4,61.9,65.6,71.9,54.0,58.1,44,40,31,31,,,,,,,,
2022-06-23T20:59:59-06:00,"Wednesday, Jun 22, 2022","Thursday, Jun 23, 2022",2022-06-23 01:20:00,2022-06-23 06:55:00,05:35:00,00:04:00,00:00:00,1,05:31:00,06:59:34,98.8,95.1,04:13:43,05:35:22,,,67.7,61.6,74.8,71.9,71.0,58.9,15,39,39,33,,,,,,,,
2022-06-24T20:59:59-06:00,"Thursday, Jun 23, 2022","Friday, Jun 24, 2022",2022-06-23 21:47:00,2022-06-24 07:03:00,09:16:00,00:34:00,00:00:00,1,08:42:00,07:03:25,93.9,95.7,07:02:41,05:40:14,03:34:56,02:55:47,56.9,60.9,63.3,70.5,58.0,60.1,40,41,43,35,,,,,,,,
2022-06-25T20:59:59-06:00,"Friday, Jun 24, 2022","Saturday, Jun 25, 2022",2022-06-24 22:45:00,2022-06-25 08:19:00,09:34:00,01:36:00,00:00:00,1,07:58:00,07:05:00,83.3,93.6,06:14:15,05:37:09,01:47:56,02:44:19,54.5,60.2,71.3,70.6,61.0,60.4,,,40,35,,,,,,,,
2022-06-26T20:59:59-06:00,"Saturday, Jun 25, 2022","Sunday, Jun 26, 2022",2022-06-25 22:30:00,2022-06-26 07:02:00,09:00:00,00:56:00,00:00:00,2,08:04:00,08:01:42,89.1,92.1,05:56:06,06:18:24,01:16:00,02:39:43,64.4,59.4,71.3,68.9,60.0,59.3,35,36,37,36,,,,,,,,
2022-06-27T20:59:59-06:00,"Sunday, Jun 26, 2022","Monday, Jun 27, 2022",2022-06-26 21:45:00,2022-06-27 03:30:00,05:45:00,00:11:00,00:00:00,1,05:34:00,07:29:00,96.8,91.6,04:24:17,05:52:25,01:46:16,02:19:19,59.3,59.7,70.6,69.7,50.0,58.4,32,34,25,36,,,,,,,,
2022-06-28T20:59:59-06:00,"Monday, Jun 27, 2022","Tuesday, Jun 28, 2022",2022-06-27 22:45:00,2022-06-28 06:59:00,08:14:00,00:03:00,00:00:00,1,08:11:00,07:22:08,99.4,93.4,06:37:52,05:50:06,03:04:08,02:21:30,59.1,59.9,73.4,70.0,59.0,59.0,26,34,32,35,,,,,,,,
2022-06-29T20:59:59-06:00,"Tuesday, Jun 28, 2022","Wednesday, Jun 29, 2022",2022-06-28 21:51:00,2022-06-29 06:46:00,09:26:00,01:19:00,00:00:00,2,08:07:00,07:26:42,85.2,92.4,05:04:39,05:39:05,01:16:00,02:13:09,67.2,61.3,73.8,71.2,70.0,61.3,,,27,35,,,,,,,,
2022-06-30T20:59:59-06:00,"Wednesday, Jun 29, 2022","Thursday, Jun 30, 2022",2022-06-29 22:44:00,2022-06-30 05:59:00,08:30:00,00:21:00,00:00:00,2,08:09:00,07:49:17,95.2,91.8,05:43:32,05:51:54,01:25:16,02:01:30,67.4,61.3,73.1,71.0,63.0,60.1,,,19,32,,,,,,,,
2022-07-01T20:59:59-06:00,"Thursday, Jun 30, 2022","Friday, Jul 1, 2022",2022-06-30 22:44:00,2022-07-01 07:01:00,11:11:00,01:18:00,00:00:00,3,09:53:00,07:59:25,90.5,91.4,07:20:35,05:54:28,02:00:00,01:47:56,63.0,62.1,71.5,72.1,56.0,59.9,33,32,21,29,,,,,,,,
2022-07-02T20:59:59-06:00,"Friday, Jul 1, 2022","Saturday, Jul 2, 2022",2022-07-01 22:45:00,2022-07-02 03:45:00,05:33:00,00:00:00,00:00:00,2,05:33:00,07:38:42,100.0,93.7,04:02:00,05:35:34,01:30:00,01:45:22,53.9,62.0,63.8,71.1,55.0,59.0,41,32,27,27,,,,,,,,
2022-07-03T20:59:59-06:00,"Saturday, Jul 2, 2022","Sunday, Jul 3, 2022",2022-07-02 21:47:00,2022-07-03 06:48:00,09:01:00,00:41:00,00:00:00,1,08:20:00,07:41:00,92.4,94.2,06:23:28,05:39:29,03:01:49,02:00:29,52.7,60.4,64.1,70.0,56.0,58.4,40,35,34,27,,,,,,,,
2022-07-04T20:59:59-06:00,"Sunday, Jul 3, 2022","Monday, Jul 4, 2022",2022-07-03 21:43:00,2022-07-04 06:17:00,08:34:00,00:42:00,00:00:00,1,07:52:00,08:00:42,91.8,93.5,06:21:18,05:56:12,02:21:36,02:05:32,53.6,59.6,61.5,68.7,54.0,59.0,31,34,35,28,,,,,,,,
2022-07-05T20:59:59-06:00,"Monday, Jul 4, 2022","Tuesday, Jul 5, 2022",2022-07-04 22:00:00,2022-07-05 06:23:00,12:23:00,02:22:00,00:00:00,2,10:01:00,08:16:25,94.8,92.9,07:42:48,06:05:29,04:06:12,02:14:24,52.8,58.7,63.0,67.3,53.0,58.1,41,35,27,27,,,,,,,,
2022-07-06T20:59:59-06:00,"Tuesday, Jul 5, 2022","Wednesday, Jul 6, 2022",2022-07-05 22:39:00,2022-07-06 06:15:00,07:36:00,00:27:00,00:00:00,1,07:09:00,08:08:08,94.1,94.1,05:44:12,06:11:08,00:15:19,02:05:44,60.0,57.6,62.7,65.7,59.0,56.6,28,34,30,28,,,,,,,,
2022-07-07T20:59:59-06:00,"Wednesday, Jul 6, 2022","Thursday, Jul 7, 2022",2022-07-06 21:45:00,2022-07-07 07:01:00,09:16:00,00:42:00,00:00:00,1,08:34:00,08:11:42,92.4,93.7,07:20:15,06:24:57,03:31:39,02:23:47,51.7,55.4,67.6,64.9,53.0,55.1,42,36,37,30,,,,,,,,
2022-07-08T20:59:59-06:00,"Thursday, Jul 7, 2022","Friday, Jul 8, 2022",2022-07-07 22:31:00,2022-07-08 07:02:00,08:31:00,01:06:00,00:00:00,1,07:25:00,07:50:34,87.1,93.2,05:25:35,06:08:31,01:47:25,02:22:00,54.8,54.2,67.1,64.2,56.0,55.1,93,45,28,31,,,,,,,,
2022-07-09T20:59:59-06:00,"Friday, Jul 8, 2022","Saturday, Jul 9, 2022",2022-07-08 21:15:00,2022-07-09 08:16:00,11:32:00,03:24:00,00:00:00,2,08:08:00,08:12:42,69.1,88.8,06:10:36,06:26:53,03:33:16,02:39:36,54.7,54.3,63.0,64.1,54.0,55.0,,,34,32,,,,,,,,
2022-07-10T20:59:59-06:00,"Saturday, Jul 9, 2022","Sunday, Jul 10, 2022",2022-07-09 22:01:00,2022-07-10 07:47:00,09:46:00,00:30:00,00:00:00,1,09:16:00,08:20:42,94.9,89.2,07:09:27,06:33:27,03:05:20,02:40:06,51.6,54.2,65.8,64.4,53.0,54.6,,,39,33,,,,,,,,
2022-07-11T20:59:59-06:00,"Sunday, Jul 10, 2022","Monday, Jul 11, 2022",2022-07-10 22:00:00,2022-07-11 07:01:00,09:01:00,00:00:00,00:00:00,1,09:01:00,08:30:34,100.0,90.4,07:20:44,06:41:57,02:00:13,02:37:03,55.2,54.4,68.2,65.3,54.0,54.6,48,46,35,33,,,,,,,,
2022-07-12T20:59:59-06:00,"Monday, Jul 11, 2022","Tuesday, Jul 12, 2022",2022-07-11 22:44:00,2022-07-12 07:20:00,08:36:00,00:26:00,00:00:00,1,08:10:00,08:14:42,95.0,90.4,06:30:00,06:31:32,02:33:08,02:23:45,55.3,54.8,74.2,66.9,54.0,54.7,30,45,28,33,,,,,,,,
2022-07-13T20:59:59-06:00,"Tuesday, Jul 12, 2022","Wednesday, Jul 13, 2022",2022-07-12 23:31:00,2022-07-13 07:23:00,07:52:00,00:16:00,00:00:00,1,07:36:00,08:18:34,96.6,90.7,05:48:02,06:32:05,02:01:36,02:38:56,57.8,54.4,65.5,67.3,54.0,54.0,42,46,23,32,,,,,,,,
2022-07-14T20:59:59-06:00,"Wednesday, Jul 13, 2022","Thursday, Jul 14, 2022",2022-07-13 23:15:00,2022-07-14 07:00:00,07:45:00,00:00:00,00:00:00,1,07:45:00,08:11:34,100.0,91.8,05:38:32,06:17:34,02:00:00,02:25:51,54.8,54.9,78.3,68.9,50.0,53.6,42,46,30,31,,,,,,,,
2022-07-15T20:59:59-06:00,"Thursday, Jul 14, 2022","Friday, Jul 15, 2022",2022-07-14 21:46:00,2022-07-15 07:16:00,09:30:00,01:11:00,00:00:00,1,08:19:00,08:19:17,87.5,91.9,06:33:01,06:27:12,02:31:13,02:32:06,57.7,55.3,69.9,69.3,57.0,53.7,,,30,31,,,,,,,,
2022-07-16T20:59:59-06:00,"Friday, Jul 15, 2022","Saturday, Jul 16, 2022",2022-07-15 22:02:00,2022-07-16 07:09:00,09:35:00,01:21:00,00:00:00,2,08:14:00,08:20:08,85.2,94.2,06:32:49,06:30:22,02:40:41,02:24:35,57.3,55.7,69.4,70.2,54.0,53.7,,,28,30,,,,,,,,
2022-07-17T20:59:59-06:00,"Saturday, Jul 16, 2022","Sunday, Jul 17, 2022",2022-07-16 22:10:00,2022-07-17 07:07:00,08:57:00,01:00:00,00:00:00,1,07:57:00,08:08:51,88.8,93.3,06:43:58,06:26:44,03:50:48,02:31:05,55.4,56.2,65.8,70.2,55.0,54.0,,,29,29,,,,,,,,
2022-07-18T20:59:59-06:00,"Sunday, Jul 17, 2022","Monday, Jul 18, 2022",2022-07-17 21:31:00,2022-07-18 07:27:00,09:56:00,00:51:00,00:00:00,1,09:05:00,08:09:25,91.4,92.1,06:59:19,06:23:40,03:44:25,02:45:58,54.4,56.1,62.0,69.3,56.0,54.3,49,49,33,28,,,,,,,,
2022-07-19T20:59:59-06:00,"Monday, Jul 18, 2022","Tuesday, Jul 19, 2022",2022-07-18 21:48:00,2022-07-19 07:05:00,09:17:00,01:30:00,00:00:00,1,07:47:00,08:06:08,83.8,90.5,06:00:54,06:19:31,02:00:31,02:41:19,53.6,55.9,62.5,67.6,49.0,53.6,,,32,29,,,,,,,,
2022-07-20T20:59:59-06:00,"Tuesday, Jul 19, 2022","Wednesday, Jul 20, 2022",2022-07-19 22:15:00,2022-07-20 06:32:00,08:52:00,00:19:00,00:00:00,2,08:33:00,08:14:17,96.2,90.4,06:34:56,06:26:13,02:18:46,02:43:46,53.8,55.3,67.8,68.0,57.0,54.0,,,31,30,,,,,,,,
2022-07-21T20:59:59-06:00,"Wednesday, Jul 20, 2022","Thursday, Jul 21, 2022",2022-07-20 23:15:00,2022-07-21 07:14:00,07:59:00,00:38:00,00:00:00,1,07:21:00,08:10:51,92.1,89.3,05:32:52,06:25:24,02:16:52,02:46:10,54.2,55.2,68.0,66.5,52.0,54.3,,,44,32,,,,,,,,
2022-07-22T20:59:59-06:00,"Thursday, Jul 21, 2022","Friday, Jul 22, 2022",2022-07-21 22:45:00,2022-07-22 06:27:00,07:42:00,00:18:00,00:00:00,1,07:24:00,08:03:00,96.1,90.5,05:31:29,06:16:37,01:14:00,02:35:09,54.2,54.7,70.9,66.6,55.0,54.0,,,30,32,,,,,,,,
2022-07-23T20:59:59-06:00,"Friday, Jul 22, 2022","Saturday, Jul 23, 2022",2022-07-22 22:23:00,2022-07-23 05:56:00,07:33:00,00:28:00,00:00:00,1,07:05:00,07:53:08,93.8,91.8,06:01:55,06:12:12,03:24:38,02:41:25,53.5,54.2,66.1,66.2,54.0,54.0,,,42,34,,,,,,,,
2022-07-24T20:59:59-06:00,"Saturday, Jul 23, 2022","Sunday, Jul 24, 2022",2022-07-23 23:55:00,2022-07-24 06:19:00,06:24:00,00:25:00,00:00:00,1,05:59:00,07:36:17,93.5,92.4,04:52:56,05:56:20,02:04:52,02:26:17,53.9,54.0,67.7,66.4,52.0,53.6,,,49,37,,,,,,,,
2022-07-25T20:59:59-06:00,"Sunday, Jul 24, 2022","Monday, Jul 25, 2022",2022-07-24 22:44:00,2022-07-25 06:50:00,08:06:00,00:24:00,00:00:00,1,07:42:00,07:24:25,95.1,92.9,06:56:35,05:55:57,03:51:00,02:27:14,53.5,53.8,66.9,67.1,53.0,53.1,45,50,43,39,,,,,,,,
2022-07-26T20:59:59-06:00,"Monday, Jul 25, 2022","Tuesday, Jul 26, 2022",2022-07-25 22:59:00,2022-07-26 07:17:00,08:18:00,00:49:00,00:00:00,1,07:29:00,07:21:51,90.2,93.8,06:13:43,05:57:47,02:44:38,02:33:32,55.8,54.1,69.7,68.2,52.0,53.6,,,40,40,,,,,,,,
2022-07-27T20:59:59-06:00,"Tuesday, Jul 26, 2022","Wednesday, Jul 27, 2022",2022-07-26 23:47:00,2022-07-27 12:19:00,12:32:00,03:52:00,00:00:00,1,08:40:00,07:22:51,69.1,90.0,06:52:22,06:00:16,02:53:20,02:38:28,56.1,54.5,72.5,68.8,50.0,52.6,67,46,31,40,,,,,,,,
2022-07-28T20:59:59-06:00,"Wednesday, Jul 27, 2022","Thursday, Jul 28, 2022",2022-07-27 23:32:00,2022-07-28 08:16:00,08:44:00,00:37:00,00:00:00,1,08:07:00,07:29:25,92.9,90.1,06:03:15,06:04:36,01:31:19,02:31:58,57.2,54.9,71.5,69.3,55.0,53.0,,,35,38,,,,,,,,
2022-07-29T20:59:59-06:00,"Thursday, Jul 28, 2022","Friday, Jul 29, 2022",2022-07-28 23:45:00,2022-07-29 07:36:00,08:36:00,00:39:00,00:00:00,2,07:57:00,07:34:08,91.7,89.5,06:51:24,06:16:01,03:05:09,02:47:50,53.5,54.8,68.2,68.9,52.0,52.6,,,45,41,,,,,,,,
2022-07-30T20:59:59-06:00,"Friday, Jul 29, 2022","Saturday, Jul 30, 2022",2022-07-30 00:11:00,2022-07-30 08:04:00,07:53:00,00:35:00,00:00:00,1,07:18:00,07:36:00,92.6,89.3,06:23:39,06:19:08,04:10:17,02:54:22,55.0,55.0,71.2,69.7,52.0,52.3,,,39,40,,,,,,,,
2022-07-31T20:59:59-06:00,"Saturday, Jul 30, 2022","Sunday, Jul 31, 2022",2022-07-30 23:45:00,2022-07-31 06:59:00,08:15:00,00:14:00,00:00:00,2,08:01:00,07:53:25,96.8,89.8,06:03:18,06:29:11,02:51:07,03:00:58,55.4,55.2,71.3,70.2,56.0,52.9,,,33,38,,,,,,,,
2022-08-01T20:59:59-06:00,"Sunday, Jul 31, 2022","Monday, Aug 1, 2022",2022-07-31 22:46:00,2022-08-01 07:47:00,09:01:00,01:24:00,00:00:00,1,07:37:00,07:52:42,84.5,88.3,05:39:04,06:18:06,02:27:25,02:49:02,56.3,55.6,67.7,70.3,55.0,53.1,,,40,38,,,,,,,,
2022-08-02T20:59:59-06:00,"Monday, Aug 1, 2022","Tuesday, Aug 2, 2022",2022-08-01 21:58:00,2022-08-02 07:22:00,09:24:00,01:09:00,00:00:00,1,08:15:00,07:59:17,87.8,87.9,07:03:01,06:25:09,03:36:34,02:56:27,53.8,55.3,72.1,70.6,54.0,53.4,,,36,37,,,,,,,,
2022-08-03T20:59:59-06:00,"Tuesday, Aug 2, 2022","Wednesday, Aug 3, 2022",2022-08-02 21:45:00,2022-08-03 07:33:00,09:48:00,01:34:00,00:00:00,1,08:14:00,07:55:34,84.0,90.0,05:58:56,06:17:31,02:03:30,02:49:20,56.0,55.3,68.6,70.1,53.0,53.9,,,49,39,,,,,,,,
2022-08-04T20:59:59-06:00,"Wednesday, Aug 3, 2022","Thursday, Aug 4, 2022",2022-08-03 22:46:00,2022-08-04 07:06:00,08:20:00,02:13:00,00:00:00,1,06:07:00,07:38:25,73.4,87.2,05:15:27,06:10:41,02:48:12,03:00:19,57.0,55.3,69.2,69.8,55.0,53.9,,,36,40,,,,,,,,
2022-08-05T20:59:59-06:00,"Thursday, Aug 4, 2022","Friday, Aug 5, 2022",2022-08-04 22:33:00,2022-08-05 07:32:00,08:59:00,00:58:00,00:00:00,1,08:01:00,07:39:00,89.2,86.9,06:40:24,06:09:07,03:37:14,03:04:54,56.2,55.7,70.6,70.1,57.0,54.6,,,36,38,,,,,,,,
2022-08-06T20:59:59-06:00,"Friday, Aug 5, 2022","Saturday, Aug 6, 2022",2022-08-05 22:55:00,2022-08-06 06:43:00,07:48:00,01:21:00,00:00:00,1,06:27:00,07:31:42,82.7,85.5,05:21:07,06:00:11,02:28:51,02:50:24,56.2,55.8,,,55.0,55.0,22,42,31,37,,,,,,,,
2022-08-09T20:59:59-06:00,"Monday, Aug 8, 2022","Tuesday, Aug 9, 2022",2022-08-08 21:57:00,2022-08-09 06:27:00,08:30:00,00:35:00,00:00:00,1,07:55:00,07:30:51,93.1,85.0,06:56:47,06:07:49,04:38:27,03:05:44,55.0,55.8,66.0,69.3,57.0,55.1,36,43,32,37,,,,,,,,
2022-08-10T20:59:59-06:00,"Tuesday, Aug 9, 2022","Wednesday, Aug 10, 2022",2022-08-09 21:02:00,2022-08-10 04:30:00,07:28:00,01:29:00,00:00:00,1,05:59:00,07:16:51,80.1,84.3,04:35:54,05:58:48,01:14:48,02:55:22,60.4,56.4,73.9,70.2,54.0,55.0,,,24,35,,,,,,,,
2022-08-11T20:59:59-06:00,"Wednesday, Aug 10, 2022","Thursday, Aug 11, 2022",2022-08-10 20:45:00,2022-08-11 05:33:00,08:48:00,00:44:00,00:00:00,1,08:04:00,07:15:17,91.7,84.9,06:13:12,05:51:41,02:20:31,02:44:30,59.3,57.2,68.4,69.7,54.0,55.0,,,32,34,,,,,,,,
2022-08-12T20:59:59-06:00,"Thursday, Aug 11, 2022","Friday, Aug 12, 2022",2022-08-11 20:19:00,2022-08-12 05:29:00,09:10:00,02:02:00,00:00:00,1,07:08:00,07:05:51,77.8,84.0,05:33:33,05:48:03,01:16:26,02:37:47,61.2,57.9,72.2,70.2,58.0,55.7,,,27,31,,,,,,,,
2022-08-13T20:59:59-06:00,"Friday, Aug 12, 2022","Saturday, Aug 13, 2022",2022-08-12 20:47:00,2022-08-13 05:29:00,08:42:00,00:52:00,00:00:00,1,07:50:00,07:20:34,90.0,86.4,05:57:50,05:54:06,02:31:37,02:35:24,62.1,58.6,76.3,71.2,59.0,56.3,38,43,35,31,,,,,,,,
2022-08-14T20:59:59-06:00,"Saturday, Aug 13, 2022","Sunday, Aug 14, 2022",2022-08-13 20:41:00,2022-08-14 05:30:00,08:49:00,00:34:00,00:00:00,1,08:15:00,07:22:34,93.6,87.0,06:31:00,05:52:46,02:19:13,02:24:16,60.6,59.3,72.3,71.4,58.0,56.4,94,50,23,29,,,,,,,,
2022-08-15T20:59:59-06:00,"Sunday, Aug 14, 2022","Monday, Aug 15, 2022",2022-08-14 23:59:00,2022-08-15 04:40:00,05:10:00,00:19:00,00:00:00,2,04:51:00,07:08:51,93.2,88.5,04:21:33,05:44:15,01:54:38,02:19:22,62.6,60.2,73.3,71.8,67.0,58.1,,,32,29,,,,,,,,
2022-08-16T20:59:59-06:00,"Monday, Aug 15, 2022","Tuesday, Aug 16, 2022",2022-08-15 20:15:00,2022-08-16 04:47:00,08:32:00,00:00:00,00:00:00,1,08:32:00,07:14:08,100.0,89.5,06:31:37,05:40:40,02:30:35,02:01:06,60.2,60.9,67.4,72.0,58.0,58.3,36,48,28,29,,,,,,,,
2022-08-17T20:59:59-06:00,"Tuesday, Aug 16, 2022","Wednesday, Aug 17, 2022",2022-08-16 20:24:00,2022-08-17 03:15:00,06:51:00,00:30:00,00:00:00,1,06:21:00,07:17:17,92.7,91.3,04:11:54,05:37:14,01:03:30,01:59:30,60.3,60.9,65.3,70.7,57.0,58.7,,,24,29,,,,,,,,
2022-08-18T20:59:59-06:00,"Wednesday, Aug 17, 2022","Thursday, Aug 18, 2022",2022-08-17 20:01:00,2022-08-18 05:36:00,09:35:00,01:06:00,00:00:00,1,08:29:00,07:20:51,88.5,90.8,06:14:44,05:37:27,00:29:56,01:43:42,60.0,61.0,69.6,70.9,58.0,59.3,,,40,30,,,,,,,,
2022-08-19T20:59:59-06:00,"Thursday, Aug 18, 2022","Friday, Aug 19, 2022",2022-08-18 19:55:00,2022-08-19 04:47:00,08:52:00,00:14:00,00:00:00,1,08:38:00,07:33:42,97.4,93.6,06:18:02,05:43:49,00:59:12,01:41:14,60.9,60.9,74.4,71.2,57.0,59.1,,,44,32,,,,,,,,
2022-08-20T20:59:59-06:00,"Friday, Aug 19, 2022","Saturday, Aug 20, 2022",2022-08-19 20:30:00,2022-08-20 05:12:00,08:42:00,01:09:00,00:00:00,1,07:33:00,07:31:17,86.8,93.2,06:11:34,05:45:46,02:31:00,01:41:09,64.6,61.3,73.8,70.9,59.0,59.1,,,49,34,,,,,,,,
2022-08-21T20:59:59-06:00,"Saturday, Aug 20, 2022","Sunday, Aug 21, 2022",2022-08-20 19:57:00,2022-08-21 05:06:00,10:06:00,02:14:00,00:00:00,2,07:52:00,07:28:00,75.6,90.6,05:02:09,05:33:05,00:46:07,01:27:51,63.3,61.7,72.4,70.9,61.0,59.6,,,51,38,,,,,,,,
2022-08-22T20:59:59-06:00,"Sunday, Aug 21, 2022","Monday, Aug 22, 2022",2022-08-21 21:06:00,2022-08-22 04:45:00,07:39:00,00:00:00,00:00:00,1,07:39:00,07:52:00,100.0,91.6,06:22:59,05:50:26,02:28:04,01:32:37,59.2,61.2,70.3,70.4,56.0,58.0,,,32,38,,,,,,,,
2022-08-23T20:59:59-06:00,"Monday, Aug 22, 2022","Tuesday, Aug 23, 2022",2022-08-22 21:28:00,2022-08-23 05:06:00,07:38:00,01:03:00,00:00:00,1,06:35:00,07:35:17,86.2,89.6,05:45:33,05:43:51,02:53:48,01:35:56,59.1,61.1,68.8,70.6,59.0,58.1,,,27,38,,,,,,,,
2022-08-24T20:59:59-06:00,"Tuesday, Aug 23, 2022","Wednesday, Aug 24, 2022",2022-08-23 21:00:00,2022-08-24 05:30:00,08:30:00,01:19:00,00:00:00,1,07:11:00,07:42:25,84.5,88.4,05:52:22,05:58:12,02:28:37,01:48:06,59.0,60.9,72.1,71.6,61.0,58.7,,,31,39,,,,,,,,
2022-08-25T20:59:59-06:00,"Wednesday, Aug 24, 2022","Thursday, Aug 25, 2022",2022-08-24 22:30:00,2022-08-25 04:02:00,05:32:00,00:17:00,00:00:00,1,05:15:00,07:14:42,94.9,89.3,03:40:53,05:36:13,00:31:30,01:48:19,64.3,61.5,70.8,71.8,56.0,58.4,20,45,33,38,,,,,,,,
2022-08-26T20:59:59-06:00,"Thursday, Aug 25, 2022","Friday, Aug 26, 2022",2022-08-25 23:01:00,2022-08-26 06:20:00,07:19:00,00:26:00,00:00:00,1,06:53:00,06:59:42,94.1,88.9,05:32:18,05:29:41,02:07:05,01:58:01,56.8,60.9,66.9,70.7,55.0,58.1,,,47,39,,,,,,,,
2022-08-27T20:59:59-06:00,"Friday, Aug 26, 2022","Saturday, Aug 27, 2022",2022-08-26 23:58:00,2022-08-27 05:17:00,05:19:00,00:13:00,00:00:00,1,05:06:00,06:38:42,95.9,90.2,03:49:06,05:09:20,,,64.1,60.8,66.2,69.6,60.0,58.3,18,38,18,34,,,,,,,,
2022-08-28T20:59:59-06:00,"Saturday, Aug 27, 2022","Sunday, Aug 28, 2022",2022-08-27 21:15:00,2022-08-28 06:27:00,09:12:00,01:08:00,00:00:00,1,08:04:00,06:40:25,87.7,91.9,05:53:16,05:16:38,02:04:54,01:54:17,56.9,59.9,66.5,68.8,56.0,57.6,,,32,31,,,,,,,,
2022-08-29T20:59:59-06:00,"Sunday, Aug 28, 2022","Monday, Aug 29, 2022",2022-08-28 22:02:00,2022-08-29 05:42:00,07:40:00,00:17:00,00:00:00,1,07:23:00,06:38:08,96.3,91.4,06:00:57,05:13:29,02:32:46,02:09:32,56.1,59.5,66.8,68.3,53.0,57.1,,,41,33,,,,,,,,
2022-08-30T20:59:59-06:00,"Monday, Aug 29, 2022","Tuesday, Aug 30, 2022",2022-08-29 21:01:00,2022-08-30 06:57:00,09:56:00,01:04:00,00:00:00,1,08:52:00,06:57:42,89.3,91.8,06:10:33,05:17:04,02:36:28,02:10:44,54.7,58.8,67.1,68.0,54.0,56.4,,,38,34,,,,,,,,
2022-08-31T20:59:59-06:00,"Tuesday, Aug 30, 2022","Wednesday, Aug 31, 2022",2022-08-30 22:01:00,2022-08-31 06:31:00,08:30:00,00:00:00,00:00:00,1,08:30:00,07:09:00,100.0,94.0,06:16:24,05:20:30,01:45:00,02:00:54,57.7,58.6,71.8,68.0,56.0,55.7,,,44,36,,,,,,,,
2022-09-01T20:59:59-06:00,"Wednesday, Aug 31, 2022","Thursday, Sep 1, 2022",2022-08-31 21:44:00,2022-09-01 06:47:00,09:03:00,00:39:00,00:00:00,1,08:24:00,07:36:00,92.8,93.7,06:18:14,05:42:58,02:17:27,01:59:18,58.2,57.8,65.4,67.2,58.0,56.0,,,27,35,,,,,,,,
2022-09-02T20:59:59-06:00,"Thursday, Sep 1, 2022","Friday, Sep 2, 2022",2022-09-01 22:29:00,2022-09-02 07:15:00,08:46:00,00:59:00,00:00:00,1,07:47:00,07:43:42,88.8,93.0,05:55:03,05:46:13,02:51:14,02:19:16,55.9,57.6,66.3,67.1,57.0,56.3,,,36,34,,,,,,,,
2022-09-03T20:59:59-06:00,"Friday, Sep 2, 2022","Saturday, Sep 3, 2022",2022-09-03 00:03:00,2022-09-03 07:26:00,07:23:00,00:47:00,00:00:00,1,06:36:00,07:56:34,89.4,92.0,05:03:41,05:56:53,,,63.8,57.6,72.7,68.1,74.0,58.3,,,18,34,,,,,,,,
2022-09-04T20:59:59-06:00,"Saturday, Sep 3, 2022","Sunday, Sep 4, 2022",2022-09-03 21:18:00,2022-09-04 07:50:00,10:32:00,01:50:00,00:00:00,1,08:42:00,08:02:00,82.6,91.3,06:23:02,06:01:08,02:44:03,02:24:33,56.0,57.5,68.5,68.4,54.0,58.0,,,34,34,,,,,,,,
2022-09-05T20:59:59-06:00,"Sunday, Sep 4, 2022","Monday, Sep 5, 2022",2022-09-04 23:02:00,2022-09-05 07:57:00,08:55:00,01:31:00,00:00:00,1,07:24:00,08:02:08,83.0,89.4,05:28:13,05:56:27,,,71.5,59.7,69.7,68.8,68.0,60.1,17,37,25,32,,,,,,,,
2022-09-06T20:59:59-06:00,"Monday, Sep 5, 2022","Tuesday, Sep 6, 2022",2022-09-05 22:12:00,2022-09-06 07:16:00,09:04:00,01:18:00,00:00:00,1,07:46:00,07:52:42,85.7,88.9,06:26:58,05:58:48,03:00:23,02:32:28,56.9,60.0,65.5,68.5,49.0,59.4,,,29,30,,,,,,,,
2022-09-07T20:59:59-06:00,"Tuesday, Sep 6, 2022","Wednesday, Sep 7, 2022",2022-09-06 22:02:00,2022-09-07 07:40:00,09:38:00,01:10:00,00:00:00,1,08:28:00,07:52:25,87.9,87.2,06:33:10,06:01:11,02:18:33,02:30:26,56.3,59.8,69.7,68.2,58.0,59.7,,,30,28,,,,,,,,
2022-09-08T20:59:59-06:00,"Wednesday, Sep 7, 2022","Thursday, Sep 8, 2022",2022-09-07 21:02:00,2022-09-08 07:00:00,09:58:00,00:18:00,00:00:00,1,09:40:00,08:03:17,97.0,87.8,06:52:33,06:06:06,02:02:06,02:25:32,58.5,59.8,67.5,68.5,55.0,59.3,,,29,29,,,,,,,,
2022-09-09T20:59:59-06:00,"Thursday, Sep 8, 2022","Friday, Sep 9, 2022",2022-09-08 21:45:00,2022-09-09 04:45:00,07:00:00,02:09:00,00:00:00,1,04:51:00,07:38:08,69.3,85.0,04:00:08,05:49:41,02:17:51,02:30:13,55.4,59.8,68.2,68.8,55.0,59.0,31,36,30,28,,,,,,,,
2022-09-10T20:59:59-06:00,"Friday, Sep 9, 2022","Saturday, Sep 10, 2022",2022-09-10 00:53:00,2022-09-10 08:43:00,07:50:00,00:26:00,00:00:00,1,07:24:00,07:45:00,94.5,85.7,05:48:37,05:56:06,,,66.1,60.1,75.5,69.2,70.0,58.4,,,21,28,,,,,,,,
2022-09-11T20:59:59-06:00,"Saturday, Sep 10, 2022","Sunday, Sep 11, 2022",2022-09-11 02:30:00,2022-09-11 04:30:00,02:00:00,00:25:00,00:00:00,1,01:35:00,06:44:00,79.2,85.2,01:01:37,05:10:11,00:40:43,02:16:24,65.8,61.5,68.7,69.2,67.0,60.3,31,35,38,29,,,,,,,,
2022-09-12T20:59:59-06:00,"Sunday, Sep 11, 2022","Monday, Sep 12, 2022",2022-09-11 21:16:00,2022-09-12 06:49:00,09:33:00,00:46:00,00:00:00,1,08:47:00,06:55:51,92.0,86.5,06:51:21,05:22:03,03:00:41,02:17:45,57.6,59.5,68.1,69.0,58.0,58.9,,,37,30,,,,,,,,
2022-09-13T20:59:59-06:00,"Monday, Sep 12, 2022","Tuesday, Sep 13, 2022",2022-09-12 21:13:00,2022-09-13 07:15:00,11:12:00,01:43:00,00:00:00,2,09:29:00,07:10:34,82.9,86.1,07:51:01,05:34:04,04:01:56,02:28:53,55.0,59.2,64.6,68.9,50.0,59.0,,,43,32,,,,,,,,
2022-09-14T20:59:59-06:00,"Tuesday, Sep 13, 2022","Wednesday, Sep 14, 2022",2022-09-13 22:00:00,2022-09-14 07:27:00,09:27:00,01:01:00,00:00:00,1,08:26:00,07:10:17,89.2,86.3,05:53:25,05:28:23,01:32:00,02:16:15,54.7,59.0,71.6,69.2,52.0,58.1,68,32,45,35,,,,,,,,
2022-09-15T20:59:59-06:00,"Wednesday, Sep 14, 2022","Thursday, Sep 15, 2022",2022-09-15 06:02:00,2022-09-15 07:14:00,01:12:00,00:00:00,00:00:00,1,01:12:00,05:57:42,100.0,86.7,00:34:45,04:34:25,,,57.3,58.8,65.6,68.9,56.0,58.3,,,73,41,,,,,,,,
2022-09-16T20:59:59-06:00,"Thursday, Sep 15, 2022","Friday, Sep 16, 2022",2022-09-15 22:00:00,2022-09-16 06:32:00,10:20:00,01:40:00,00:00:00,2,08:40:00,06:30:25,87.9,89.4,05:46:27,04:49:36,00:46:33,02:03:07,59.2,59.4,72.5,69.5,60.0,59.0,,,34,41,,,,,,,,
2022-09-17T20:59:59-06:00,"Friday, Sep 16, 2022","Saturday, Sep 17, 2022",2022-09-17 02:36:00,2022-09-17 10:30:00,07:54:00,01:06:00,00:00:00,1,06:48:00,06:25:17,86.1,88.2,05:50:26,04:49:52,02:26:53,02:06:39,64.0,59.1,72.2,69.0,63.0,58.0,39,32,32,43,,,,,,,,
2022-09-18T20:59:59-06:00,"Saturday, Sep 17, 2022","Sunday, Sep 18, 2022",2022-09-18 03:34:00,2022-09-18 09:52:00,06:48:00,01:11:00,00:00:00,2,05:37:00,06:59:51,81.2,88.5,04:10:50,05:16:54,,,80.9,61.2,82.3,71.0,84.0,60.4,,,18,40,,,,,,,,
2022-09-19T20:59:59-06:00,"Sunday, Sep 18, 2022","Monday, Sep 19, 2022",2022-09-19 00:49:00,2022-09-19 07:17:00,06:28:00,00:36:00,00:00:00,1,05:52:00,06:34:51,90.7,88.3,05:04:36,05:01:39,03:28:00,02:16:40,53.7,60.7,67.7,70.9,54.0,59.9,60,38,39,41,,,,,,,,
2022-09-20T20:59:59-06:00,"Monday, Sep 19, 2022","Tuesday, Sep 20, 2022",2022-09-19 21:30:00,2022-09-20 07:12:00,10:07:00,00:00:00,00:00:00,2,10:07:00,06:40:17,100.0,90.7,07:25:37,04:58:01,02:33:09,02:32:44,55.1,60.7,66.6,71.2,54.0,60.4,,,53,42,,,,,,,,
2022-09-21T20:59:59-06:00,"Tuesday, Sep 20, 2022","Wednesday, Sep 21, 2022",2022-09-20 21:15:00,2022-09-21 07:37:00,10:22:00,01:58:00,00:00:00,1,08:24:00,06:40:00,81.0,89.6,05:25:40,04:54:03,00:45:49,02:13:28,56.1,60.9,68.0,70.7,51.0,60.3,31,40,49,43,,,,,,,,
2022-09-22T20:59:59-06:00,"Wednesday, Sep 21, 2022","Thursday, Sep 22, 2022",2022-09-21 21:00:00,2022-09-22 05:56:00,11:01:00,02:27:00,00:00:00,2,08:34:00,07:43:08,84.3,87.3,06:31:37,05:45:02,02:20:17,01:58:57,58.8,61.1,71.0,71.5,55.0,60.1,,,26,36,,,,,,,,
2022-09-23T20:59:59-06:00,"Thursday, Sep 22, 2022","Friday, Sep 23, 2022",2022-09-22 22:29:00,2022-09-23 07:00:00,08:31:00,00:53:00,00:00:00,1,07:38:00,07:34:17,89.6,87.6,05:13:26,05:40:19,01:28:39,01:58:28,57.4,60.9,72.6,71.5,60.0,60.1,,,35,36,,,,,,,,
2022-09-24T20:59:59-06:00,"Friday, Sep 23, 2022","Saturday, Sep 24, 2022",2022-09-23 22:16:00,2022-09-24 07:12:00,08:56:00,01:01:00,00:00:00,1,07:55:00,07:43:51,88.6,87.9,05:41:02,05:38:58,02:17:54,02:11:31,61.6,60.5,78.8,72.4,55.0,59.0,,,24,35,,,,,,,,
2022-09-25T20:59:59-06:00,"Saturday, Sep 24, 2022","Sunday, Sep 25, 2022",2022-09-24 22:59:00,2022-09-25 08:00:00,09:01:00,00:44:00,00:00:00,1,08:17:00,08:06:42,91.9,89.5,06:45:18,06:01:02,02:30:36,02:12:03,65.0,58.2,73.9,71.2,70.0,57.0,32,42,32,37,,,,,,,,
2022-09-26T20:59:59-06:00,"Sunday, Sep 25, 2022","Monday, Sep 26, 2022",2022-09-25 21:16:00,2022-09-26 07:21:00,10:05:00,01:19:00,00:00:00,1,08:46:00,08:31:34,86.9,88.9,06:07:09,06:09:59,02:15:15,02:01:39,58.5,58.9,67.4,71.2,57.0,57.4,34,42,26,35,,,,,,,,
2022-09-27T20:59:59-06:00,"Monday, Sep 26, 2022","Tuesday, Sep 27, 2022",2022-09-26 21:12:00,2022-09-27 06:31:00,09:19:00,00:35:00,00:00:00,1,08:44:00,08:19:42,93.7,88.0,07:20:38,06:09:16,03:35:46,02:10:36,58.7,59.4,70.5,71.7,55.7,57.7,33,42,28,31,,,,,,,,
2022-09-28T20:59:59-06:00,"Tuesday, Sep 27, 2022","Wednesday, Sep 28, 2022",2022-09-27 21:45:00,2022-09-28 07:21:00,09:36:00,01:13:00,00:00:00,1,08:23:00,08:19:34,87.3,88.9,05:55:29,06:13:31,01:34:19,02:17:32,55.4,59.3,68.0,71.7,55.0,58.2,26,36,44,31,,,,,,,,
2022-09-29T20:59:59-06:00,"Wednesday, Sep 28, 2022","Thursday, Sep 29, 2022",2022-09-28 21:15:00,2022-09-29 07:01:00,09:46:00,01:57:00,00:00:00,1,07:49:00,08:13:08,80.0,88.3,05:55:35,06:08:22,00:30:15,02:01:49,62.5,59.9,70.3,71.6,58.0,58.7,22,34,24,30,,,,,,,,
2022-09-30T20:59:59-06:00,"Thursday, Sep 29, 2022","Friday, Sep 30, 2022",2022-09-30 01:45:00,2022-09-30 16:30:00,14:45:00,05:49:00,00:00:00,1,08:56:00,08:24:17,60.6,84.2,06:30:05,06:19:19,,,67.4,61.3,73.0,71.7,70.0,60.1,,,25,29,,,,,,,,
2022-10-01T20:59:59-06:00,"Friday, Sep 30, 2022","Saturday, Oct 1, 2022",2022-09-30 21:15:00,2022-10-01 07:50:00,10:35:00,01:43:00,00:00:00,1,08:52:00,08:32:25,83.8,83.5,06:18:00,06:24:36,01:33:53,02:02:34,66.3,62.0,71.8,70.7,59.0,60.7,,,27,29,,,,,,,,
2022-10-02T20:59:59-06:00,"Saturday, Oct 1, 2022","Sunday, Oct 2, 2022",2022-10-01 21:47:00,2022-10-02 13:11:00,15:24:00,05:42:00,00:00:00,1,09:42:00,08:44:34,63.0,79.3,06:39:10,06:23:43,01:53:10,01:59:02,58.7,61.1,66.3,69.6,69.0,60.5,,,42,31,,,,,,,,
2022-10-03T20:59:59-06:00,"Sunday, Oct 2, 2022","Monday, Oct 3, 2022",2022-10-02 21:13:00,2022-10-03 06:46:00,09:33:00,00:39:00,00:00:00,1,08:54:00,08:45:42,93.2,80.2,07:08:21,06:32:28,02:13:30,01:56:35,56.6,60.8,68.0,69.7,55.0,60.2,44,32,41,33,,,,,,,,
2022-10-04T20:59:59-06:00,"Monday, Oct 3, 2022","Tuesday, Oct 4, 2022",2022-10-03 21:50:00,2022-10-04 07:02:00,09:12:00,00:14:00,00:00:00,1,08:58:00,08:47:42,97.5,80.8,07:06:25,06:30:26,03:29:13,02:07:09,55.1,60.3,70.4,69.7,57.0,60.4,34,32,39,34,,,,,,,,
2022-10-05T20:59:59-06:00,"Tuesday, Oct 4, 2022","Wednesday, Oct 5, 2022",2022-10-04 22:30:00,2022-10-05 06:35:00,08:05:00,00:38:00,00:00:00,1,07:27:00,08:39:42,92.2,81.5,05:50:06,06:29:40,02:03:19,01:53:57,55.3,60.3,64.4,69.2,55.0,60.4,36,33,32,33,,,,,,,,
2022-10-06T20:59:59-06:00,"Wednesday, Oct 5, 2022","Thursday, Oct 6, 2022",2022-10-05 21:45:00,2022-10-06 06:19:00,08:34:00,01:54:00,00:00:00,1,06:40:00,08:29:51,77.8,81.1,05:23:16,06:25:03,01:47:42,01:55:51,60.1,59.9,67.8,68.8,56.0,60.1,40,34,29,34,,,,,,,,
2022-10-07T20:59:59-06:00,"Thursday, Oct 6, 2022","Friday, Oct 7, 2022",2022-10-06 22:28:00,2022-10-07 04:15:00,06:20:00,00:16:00,00:00:00,2,06:04:00,08:05:17,95.4,86.1,04:20:49,06:06:35,,,69.9,60.3,72.9,68.8,65.0,59.4,,,18,33,,,,,,,,
2022-10-08T20:59:59-06:00,"Friday, Oct 7, 2022","Saturday, Oct 8, 2022",2022-10-07 22:23:00,2022-10-08 07:08:00,08:45:00,01:27:00,00:00:00,1,07:18:00,07:51:51,83.4,86.1,05:16:50,05:57:51,01:45:43,02:06:38,57.4,59.0,70.6,68.6,59.0,59.4,31,33,33,33,,,,,,,,
2022-10-09T20:59:59-06:00,"Saturday, Oct 8, 2022","Sunday, Oct 9, 2022",2022-10-08 23:15:00,2022-10-09 08:00:00,10:05:00,01:14:00,00:00:00,2,08:51:00,07:44:34,85.9,89.3,07:11:54,06:02:32,02:00:16,02:10:24,64.7,59.9,69.8,69.1,63.0,58.6,,,33,32,,,,,,,,
2022-10-10T20:59:59-06:00,"Sunday, Oct 9, 2022","Monday, Oct 10, 2022",2022-10-09 22:06:00,2022-10-10 07:18:00,09:41:00,00:41:00,00:00:00,2,09:00:00,07:45:25,92.6,89.2,06:39:50,05:58:27,02:03:53,02:11:56,56.2,59.8,67.8,69.1,59.0,59.1,45,36,47,33,,,,,,,,
2022-10-11T20:59:59-06:00,"Monday, Oct 10, 2022","Tuesday, Oct 11, 2022",2022-10-10 21:16:00,2022-10-11 06:38:00,09:22:00,00:25:00,00:00:00,1,08:57:00,07:45:17,95.6,89.0,07:01:09,05:57:42,02:02:45,02:10:24,58.9,60.4,69.8,69.0,57.0,59.1,,,30,32,,,,,,,,
2022-10-12T20:59:59-06:00,"Tuesday, Oct 11, 2022","Wednesday, Oct 12, 2022",2022-10-11 21:45:00,2022-10-12 06:22:00,08:37:00,00:25:00,00:00:00,1,08:12:00,07:51:42,95.2,89.4,06:13:03,06:00:59,03:04:30,02:06:52,54.0,60.2,61.7,68.6,55.0,59.1,81,45,51,35,,,,,,,,
2022-10-13T20:59:59-06:00,"Wednesday, Oct 12, 2022","Thursday, Oct 13, 2022",2022-10-12 22:04:00,2022-10-13 07:16:00,09:12:00,01:05:00,00:00:00,1,08:07:00,08:04:08,88.2,90.9,04:46:36,05:55:44,00:45:39,01:55:46,58.2,59.9,66.1,68.4,59.0,59.6,66,48,37,36,,,,,,,,
2022-10-14T20:59:59-06:00,"Thursday, Oct 13, 2022","Friday, Oct 14, 2022",2022-10-13 21:00:00,2022-10-14 06:46:00,09:46:00,00:46:00,00:00:00,1,09:00:00,08:29:17,92.2,90.4,06:45:10,06:16:22,01:30:00,01:53:15,58.2,58.2,72.3,68.3,61.0,59.0,,,34,38,,,,,,,,
2022-10-15T20:59:59-06:00,"Friday, Oct 14, 2022","Saturday, Oct 15, 2022",2022-10-14 22:24:00,2022-10-15 08:09:00,09:45:00,01:21:00,00:00:00,1,08:24:00,08:38:42,86.2,90.8,06:39:01,06:28:06,02:10:04,01:56:43,64.4,59.2,67.9,67.9,63.0,59.6,,,31,38,,,,,,,,
2022-10-16T20:59:59-06:00,"Saturday, Oct 15, 2022","Sunday, Oct 16, 2022",2022-10-15 21:00:00,2022-10-16 07:21:00,10:56:00,00:05:00,00:00:00,2,10:51:00,08:55:51,99.2,92.7,08:53:51,06:42:40,04:21:48,02:16:57,54.3,57.7,67.3,67.6,58.0,58.9,,,38,38,,,,,,,,
2022-10-17T20:59:59-06:00,"Sunday, Oct 16, 2022","Monday, Oct 17, 2022",2022-10-16 21:45:00,2022-10-17 06:49:00,09:04:00,00:42:00,00:00:00,1,08:22:00,08:50:25,92.3,92.7,06:29:16,06:41:09,02:16:55,02:18:48,58.8,58.1,67.1,67.5,54.0,58.1,,,36,37,,,,,,,,
2022-10-18T20:59:59-06:00,"Monday, Oct 17, 2022","Tuesday, Oct 18, 2022",2022-10-17 22:00:00,2022-10-18 06:50:00,08:50:00,00:14:00,00:00:00,1,08:36:00,08:47:25,97.4,92.9,06:09:24,06:33:46,01:31:04,02:14:17,58.1,58.0,65.1,66.8,61.0,58.7,,,36,38,,,,,,,,
2022-10-19T20:59:59-06:00,"Tuesday, Oct 18, 2022","Wednesday, Oct 19, 2022",2022-10-18 21:16:00,2022-10-19 07:18:00,10:02:00,01:21:00,00:00:00,1,08:41:00,08:51:34,86.5,91.7,06:35:51,06:37:01,03:09:27,02:14:59,56.8,58.4,66.2,67.4,60.0,59.4,,,41,36,,,,,,,,
2022-10-20T20:59:59-06:00,"Wednesday, Oct 19, 2022","Thursday, Oct 20, 2022",2022-10-19 21:00:00,2022-10-20 07:36:00,10:36:00,01:34:00,00:00:00,1,09:02:00,08:59:25,85.2,91.3,06:24:02,06:50:56,01:45:23,02:23:31,58.4,58.4,69.5,67.9,59.0,59.4,,,36,36,,,,,,,,
2022-10-21T20:59:59-06:00,"Thursday, Oct 20, 2022","Friday, Oct 21, 2022",2022-10-20 21:27:00,2022-10-21 06:57:00,09:30:00,01:41:00,00:00:00,1,07:49:00,08:49:17,82.3,89.9,05:40:10,06:41:39,01:37:02,02:24:31,57.9,58.4,68.3,67.4,57.0,58.9,,,23,34,,,,,,,,
2022-10-22T20:59:59-06:00,"Friday, Oct 21, 2022","Saturday, Oct 22, 2022",2022-10-22 01:20:00,2022-10-22 16:09:00,14:49:00,07:44:00,00:00:00,1,07:05:00,08:38:00,47.8,84.4,05:09:07,06:28:49,,,74.8,59.9,76.8,68.6,76.0,60.7,25,46,20,33,,,,,,,,
2022-10-23T20:59:59-06:00,"Saturday, Oct 22, 2022","Sunday, Oct 23, 2022",2022-10-22 21:11:00,2022-10-23 06:54:00,09:43:00,01:13:00,00:00:00,1,08:30:00,08:17:51,87.5,82.7,07:05:05,06:13:16,04:07:16,02:41:16,60.3,60.7,69.4,68.9,58.0,60.7,24,45,28,31,,,,,,,,
2022-10-24T20:59:59-06:00,"Sunday, Oct 23, 2022","Monday, Oct 24, 2022",2022-10-23 21:15:00,2022-10-24 06:46:00,09:31:00,00:56:00,00:00:00,1,08:35:00,08:19:42,90.2,82.4,06:43:23,06:15:17,02:01:11,02:21:11,60.0,60.9,,,57.0,61.1,,,24,30,,,,,,,,
2022-10-30T20:59:59-06:00,"Saturday, Oct 29, 2022","Sunday, Oct 30, 2022",2022-10-29 21:04:00,2022-10-30 06:49:00,09:45:00,00:50:00,00:00:00,1,08:55:00,08:22:25,91.5,81.6,06:52:19,06:21:25,02:13:45,02:20:44,56.2,60.6,66.7,69.6,55.0,60.3,52,46,51,32,,,,11.0,9.5,15.5,,
2022-10-31T20:59:59-06:00,"Sunday, Oct 30, 2022","Monday, Oct 31, 2022",2022-10-30 21:28:00,2022-10-31 06:50:00,09:22:00,00:40:00,00:00:00,1,08:42:00,08:22:34,92.9,82.5,07:12:31,06:26:40,03:19:35,02:36:14,56.4,60.6,69.3,70.1,57.0,59.9,36,47,30,30,,,,11.8,9.0,16.0,,
2022-11-01T20:59:59-06:00,"Monday, Oct 31, 2022","Tuesday, Nov 1, 2022",2022-10-31 22:45:00,2022-11-01 07:02:00,08:17:00,01:22:00,00:00:00,1,06:55:00,08:04:25,83.5,82.2,04:50:06,06:13:14,01:01:29,02:17:57,63.1,61.3,71.8,70.4,58.0,59.7,53,48,19,28,,,,12.8,9.0,21.5,,
2022-11-02T20:59:59-06:00,"Tuesday, Nov 1, 2022","Wednesday, Nov 2, 2022",2022-11-01 21:37:00,2022-11-02 06:32:00,08:55:00,00:15:00,00:00:00,1,08:40:00,08:11:42,97.2,84.4,06:19:23,06:18:51,02:58:17,02:28:22,59.8,61.5,66.9,70.2,60.0,60.1,,,32,29,,,,13.2,9.5,19.5,,
2022-11-03T20:59:59-06:00,"Wednesday, Nov 2, 2022","Thursday, Nov 3, 2022",2022-11-02 21:47:00,2022-11-03 06:31:00,08:44:00,00:30:00,00:00:00,1,08:14:00,08:21:34,94.3,91.0,06:05:57,06:26:58,01:44:47,02:29:28,56.6,58.9,73.8,69.8,56.0,57.3,,,36,31,,,,12.6,9.5,21.0,,
2022-11-04T20:59:59-06:00,"Thursday, Nov 3, 2022","Friday, Nov 4, 2022",2022-11-03 22:15:00,2022-11-04 07:03:00,08:48:00,00:26:00,00:00:00,1,08:22:00,08:20:25,95.1,92.1,06:14:47,06:19:46,01:49:49,02:09:50,57.1,58.5,69.0,69.7,57.0,57.1,57,45,31,32,,,,13.0,9.0,22.5,,
2022-11-05T20:59:59-06:00,"Friday, Nov 4, 2022","Saturday, Nov 5, 2022",2022-11-05 01:14:00,2022-11-05 08:20:00,12:50:00,03:15:00,00:00:00,2,09:35:00,08:29:00,94.6,92.7,06:37:23,06:18:55,,,73.8,60.4,76.1,70.5,80.0,60.4,,,21,31,,,,13.0,11.5,22.0,,
2022-11-06T19:59:59-07:00,"Saturday, Nov 5, 2022","Sunday, Nov 6, 2022",2022-11-05 21:45:00,2022-11-06 06:39:00,09:54:00,00:24:00,00:00:00,1,09:30:00,08:34:00,96.0,93.4,07:29:45,06:24:16,02:34:03,02:14:32,61.6,61.2,69.8,71.0,64.0,61.7,26,39,32,29,,,,12.1,9.0,17.5,,
2022-11-07T20:59:59-07:00,"Sunday, Nov 6, 2022","Monday, Nov 7, 2022",2022-11-06 21:01:00,2022-11-07 05:38:00,08:37:00,00:00:00,00:00:00,1,08:37:00,08:33:17,100.0,94.4,07:20:52,06:25:28,04:18:30,02:32:21,58.1,61.4,65.4,70.4,57.0,61.7,40,41,28,28,,,,11.1,8.0,15.0,,
2022-11-08T20:59:59-07:00,"Monday, Nov 7, 2022","Tuesday, Nov 8, 2022",2022-11-07 21:24:00,2022-11-08 05:49:00,08:25:00,00:00:00,00:00:00,1,08:25:00,08:46:08,100.0,96.7,06:27:53,06:39:26,03:13:05,02:31:25,56.5,60.5,74.7,70.8,57.0,61.6,42,44,22,29,,,,11.6,9.5,16.0,,
2022-11-09T20:59:59-07:00,"Tuesday, Nov 8, 2022","Wednesday, Nov 9, 2022",2022-11-08 22:25:00,2022-11-09 06:01:00,07:36:00,00:57:00,00:00:00,1,06:39:00,08:28:51,87.5,95.3,05:15:38,06:30:19,01:51:43,02:38:36,57.2,60.1,64.7,70.5,58.0,61.3,51,44,35,29,,,,13.2,10.0,19.5,,
2022-11-10T20:59:59-07:00,"Wednesday, Nov 9, 2022","Thursday, Nov 10, 2022",2022-11-09 22:31:00,2022-11-10 06:15:00,07:44:00,00:21:00,00:00:00,1,07:23:00,08:21:34,95.5,95.5,05:59:22,06:29:23,03:18:35,02:41:30,54.3,59.8,,,54.0,61.0,38,44,31,29,,,,11.7,9.5,17.0,,
2022-11-13T20:59:59-07:00,"Saturday, Nov 12, 2022","Sunday, Nov 13, 2022",2022-11-12 21:15:00,2022-11-13 08:00:00,10:45:00,01:12:00,00:00:00,1,09:33:00,08:31:42,88.8,94.6,06:35:36,06:32:21,02:50:21,02:50:52,59.6,60.1,67.6,69.7,55.0,60.7,,,22,27,,,,12.4,8.5,19.5,,
2022-11-14T20:59:59-07:00,"Sunday, Nov 13, 2022","Monday, Nov 14, 2022",2022-11-13 21:00:00,2022-11-14 07:39:00,10:39:00,01:04:00,00:00:00,1,09:35:00,08:31:42,90.0,94.0,07:47:39,06:42:24,04:24:11,03:12:55,55.4,57.5,67.7,68.5,55.0,57.1,,,37,30,,,,11.4,8.5,17.5,,
2022-11-15T20:59:59-07:00,"Monday, Nov 14, 2022","Tuesday, Nov 15, 2022",2022-11-14 22:59:00,2022-11-15 07:15:00,08:16:00,01:06:00,00:00:00,1,07:10:00,08:11:42,86.7,92.6,05:23:25,06:24:21,00:59:19,02:59:23,55.7,56.7,69.6,68.4,55.0,55.9,,,54,33,,,,12.4,9.5,18.5,,
2022-11-16T20:59:59-07:00,"Tuesday, Nov 15, 2022","Wednesday, Nov 16, 2022",2022-11-15 21:15:00,2022-11-16 06:43:00,09:28:00,00:39:00,00:00:00,1,08:49:00,08:13:25,93.1,91.7,07:12:23,06:23:08,03:01:22,02:48:22,56.3,56.4,63.4,68.1,54.0,55.4,61,45,25,32,,,,11.0,8.0,14.5,,
2022-11-17T20:59:59-07:00,"Wednesday, Nov 16, 2022","Thursday, Nov 17, 2022",2022-11-16 21:31:00,2022-11-17 03:15:00,05:44:00,00:08:00,00:00:00,1,05:36:00,07:49:17,97.7,91.3,03:52:19,06:00:55,00:15:16,02:22:58,57.2,56.5,67.8,67.1,56.0,55.3,,,38,35,,,,12.1,10.0,18.0,,
2022-11-18T20:59:59-07:00,"Thursday, Nov 17, 2022","Friday, Nov 18, 2022",2022-11-17 23:30:00,2022-11-18 09:30:00,10:00:00,02:22:00,00:00:00,1,07:38:00,07:57:42,76.3,89.7,05:24:05,06:02:07,01:28:39,02:19:40,56.5,56.4,,,54.0,54.7,39,43,29,34,,,,12.0,10.0,18.5,,
2022-11-20T20:59:59-07:00,"Saturday, Nov 19, 2022","Sunday, Nov 20, 2022",2022-11-19 22:30:00,2022-11-20 05:45:00,07:15:00,00:14:00,00:00:00,1,07:01:00,07:54:34,96.8,89.9,05:47:16,06:00:23,02:20:20,02:11:21,60.3,57.3,65.4,68.4,59.0,55.4,,,30,34,,,,12.0,10.5,15.0,,
2022-11-21T20:59:59-07:00,"Sunday, Nov 20, 2022","Monday, Nov 21, 2022",2022-11-20 22:55:00,2022-11-21 06:54:00,07:59:00,00:16:00,00:00:00,1,07:43:00,07:38:51,96.7,91.0,05:49:29,05:53:48,01:48:02,02:02:27,57.5,57.0,64.8,68.0,57.0,55.7,,,42,36,,,,10.6,9.0,15.5,,
2022-11-22T20:59:59-07:00,"Monday, Nov 21, 2022","Tuesday, Nov 22, 2022",2022-11-21 23:00:00,2022-11-22 06:56:00,07:56:00,01:01:00,00:00:00,1,06:55:00,07:16:00,87.2,90.6,04:54:00,05:28:59,,,61.5,57.8,70.9,68.4,59.0,56.3,,,37,36,,,,12.4,9.5,17.5,,
2022-11-23T20:59:59-07:00,"Tuesday, Nov 22, 2022","Wednesday, Nov 23, 2022",2022-11-22 21:15:00,2022-11-23 07:16:00,10:01:00,01:43:00,00:00:00,1,08:18:00,07:25:42,82.9,90.1,05:58:33,05:34:01,02:04:30,01:42:29,57.3,58.1,69.1,68.4,57.0,56.6,,,30,33,,,,12.1,8.0,19.0,,
2022-11-24T20:59:59-07:00,"Wednesday, Nov 23, 2022","Thursday, Nov 24, 2022",2022-11-23 21:15:00,2022-11-24 06:35:00,09:20:00,00:15:00,00:00:00,1,09:05:00,07:28:00,97.3,90.7,06:39:15,05:29:17,01:45:58,01:49:09,58.1,58.3,72.9,69.7,58.0,57.1,,,48,36,,,,12.0,9.0,23.0,,
2022-11-25T20:59:59-07:00,"Thursday, Nov 24, 2022","Friday, Nov 25, 2022",2022-11-24 22:30:00,2022-11-25 06:44:00,08:14:00,00:44:00,00:00:00,1,07:30:00,07:44:17,91.1,89.7,05:59:28,05:47:27,02:04:08,01:40:59,57.1,58.3,67.7,69.7,58.0,57.4,,,49,38,,,,11.2,8.0,15.0,,
2022-11-26T20:59:59-07:00,"Friday, Nov 25, 2022","Saturday, Nov 26, 2022",2022-11-25 22:04:00,2022-11-26 06:43:00,08:53:00,01:12:00,00:00:00,2,07:41:00,07:44:42,86.1,91.1,05:53:22,05:51:38,01:19:49,01:50:12,60.5,58.9,71.8,68.9,57.0,57.9,,,26,37,,,,12.6,8.5,19.0,,
2022-11-27T20:59:59-07:00,"Saturday, Nov 26, 2022","Sunday, Nov 27, 2022",2022-11-26 21:31:00,2022-11-27 05:30:00,07:59:00,00:33:00,00:00:00,1,07:26:00,07:48:17,93.1,90.6,05:16:39,05:47:15,01:01:31,01:46:19,60.8,59.0,68.8,69.4,56.0,57.4,,,57,41,,,,11.8,8.0,19.5,,
2022-11-28T20:59:59-07:00,"Sunday, Nov 27, 2022","Monday, Nov 28, 2022",2022-11-27 21:00:00,2022-11-28 06:22:00,09:22:00,01:23:00,00:00:00,1,07:59:00,07:50:34,85.2,89.0,06:14:00,05:50:45,02:29:41,01:47:39,57.3,58.9,66.1,69.6,57.0,57.4,,,35,40,,,,12.2,8.5,23.0,,
2022-11-29T20:59:59-07:00,"Monday, Nov 28, 2022","Tuesday, Nov 29, 2022",2022-11-28 23:01:00,2022-11-29 06:59:00,07:58:00,00:34:00,00:00:00,1,07:24:00,07:54:42,92.9,89.8,06:09:27,06:01:32,02:33:06,01:54:06,56.5,58.2,66.4,69.0,58.0,57.3,,,25,39,,,,11.7,8.0,19.5,,
2022-11-30T20:59:59-07:00,"Tuesday, Nov 29, 2022","Wednesday, Nov 30, 2022",2022-11-29 21:30:00,2022-11-30 06:02:00,08:32:00,00:05:00,00:00:00,1,08:27:00,07:56:00,99.0,92.1,06:30:43,06:06:08,02:33:38,01:58:15,55.5,58.0,66.1,68.5,54.0,56.9,,,35,39,,,,11.6,8.5,15.5,,
2022-12-01T20:59:59-07:00,"Wednesday, Nov 30, 2022","Thursday, Dec 1, 2022",2022-11-30 21:31:00,2022-12-01 07:04:00,09:33:00,01:06:00,00:00:00,1,08:27:00,07:50:34,88.5,90.9,06:49:43,06:07:37,02:33:38,02:05:04,57.2,57.9,67.1,67.7,57.0,56.7,37,44,36,38,,,,11.9,8.5,22.0,,
2022-12-02T20:59:59-07:00,"Thursday, Dec 1, 2022","Friday, Dec 2, 2022",2022-12-01 22:45:00,2022-12-02 06:41:00,08:31:00,00:00:00,00:00:00,2,08:31:00,07:59:17,100.0,92.1,06:15:07,06:09:52,02:48:54,02:11:28,56.9,57.8,65.7,67.4,56.0,56.4,42,44,41,36,,,,12.0,9.5,17.0,,
2022-12-03T20:59:59-07:00,"Friday, Dec 2, 2022","Saturday, Dec 3, 2022",2022-12-02 21:30:00,2022-12-03 06:17:00,08:47:00,01:05:00,00:00:00,1,07:42:00,07:59:25,87.7,92.3,05:57:18,06:10:25,01:17:00,02:11:04,59.2,57.6,64.5,66.4,55.0,56.1,58,46,28,37,,,,12.1,8.5,21.0,,
2022-12-04T20:59:59-07:00,"Saturday, Dec 3, 2022","Sunday, Dec 4, 2022",2022-12-03 22:16:00,2022-12-04 07:47:00,09:31:00,00:31:00,00:00:00,1,09:00:00,08:12:51,94.6,92.6,06:41:08,06:22:29,00:15:00,02:04:25,63.2,58.0,72.7,66.9,56.0,56.1,58,47,28,33,,,,11.8,8.5,17.5,,
2022-12-05T20:59:59-07:00,"Sunday, Dec 4, 2022","Monday, Dec 5, 2022",2022-12-04 22:15:00,2022-12-05 07:32:00,09:17:00,00:35:00,00:00:00,1,08:42:00,08:19:00,93.7,93.8,06:57:21,06:28:41,02:33:32,02:04:58,57.3,58.0,68.9,67.3,61.0,56.7,51,49,25,31,,,,12.2,9.5,17.0,,
2022-12-06T20:59:59-07:00,"Monday, Dec 5, 2022","Tuesday, Dec 6, 2022",2022-12-05 21:17:00,2022-12-06 07:47:00,10:30:00,00:59:00,00:00:00,1,09:31:00,08:37:08,90.6,93.4,07:00:20,06:35:57,02:49:45,02:07:21,59.5,58.4,68.5,67.6,60.0,57.0,41,46,28,32,,,,11.9,10.5,15.5,,
2022-12-07T20:59:59-07:00,"Tuesday, Dec 6, 2022","Wednesday, Dec 7, 2022",2022-12-06 22:16:00,2022-12-07 07:47:00,09:31:00,00:12:00,00:00:00,1,09:19:00,08:44:34,97.9,93.3,07:06:43,06:41:06,02:31:05,02:06:59,57.7,58.7,66.6,67.7,58.0,57.6,36,46,32,31,,,,12.5,9.5,16.5,,
2022-12-08T20:59:59-07:00,"Wednesday, Dec 7, 2022","Thursday, Dec 8, 2022",2022-12-07 21:00:00,2022-12-08 02:45:00,05:45:00,00:22:00,00:00:00,1,05:23:00,08:18:17,93.6,94.0,03:54:02,06:16:00,02:03:03,02:02:37,56.0,58.6,79.1,69.4,53.0,57.0,,,33,31,,,,11.5,9.5,16.0,,
2022-12-09T20:59:59-07:00,"Thursday, Dec 8, 2022","Friday, Dec 9, 2022",2022-12-08 23:00:00,2022-12-09 06:54:00,07:54:00,00:15:00,00:00:00,1,07:39:00,08:10:51,96.8,93.6,06:19:40,06:16:39,03:18:54,02:06:54,57.7,58.7,,,60.0,57.6,,,30,29,,,,11.8,9.5,16.0,,
2022-12-11T20:59:59-07:00,"Saturday, Dec 10, 2022","Sunday, Dec 11, 2022",2022-12-11 03:07:00,2022-12-11 14:45:00,11:38:00,04:29:00,00:00:00,1,07:09:00,08:06:08,61.5,89.8,05:45:24,06:14:57,02:38:53,02:18:36,64.4,59.4,71.7,72.2,69.0,59.6,,,24,28,,,,11.8,9.5,13.0,,
2022-12-12T20:59:59-07:00,"Sunday, Dec 11, 2022","Monday, Dec 12, 2022",2022-12-11 22:30:00,2022-12-12 07:29:00,08:59:00,00:52:00,00:00:00,1,08:07:00,07:58:34,90.4,89.2,06:06:23,06:09:59,01:31:19,02:29:30,57.6,58.6,67.2,71.4,56.5,59.6,53,48,45,31,,,,12.1,9.0,18.0,,
2022-12-13T20:59:59-07:00,"Monday, Dec 12, 2022","Tuesday, Dec 13, 2022",2022-12-12 22:45:00,2022-12-13 07:03:00,08:18:00,00:10:00,00:00:00,1,08:08:00,07:53:42,98.0,89.8,06:49:29,06:08:51,03:18:15,02:35:53,56.2,58.4,72.9,72.0,56.0,58.9,,,35,32,,,,12.8,10.0,18.5,,
2022-12-14T20:59:59-07:00,"Tuesday, Dec 13, 2022","Wednesday, Dec 14, 2022",2022-12-13 22:16:00,2022-12-14 07:37:00,09:21:00,00:27:00,00:00:00,1,08:54:00,07:48:25,95.2,90.5,06:03:56,06:00:48,02:02:03,02:29:04,56.2,58.0,67.9,71.9,55.0,58.2,51,50,39,34,,,,12.2,8.5,16.5,,
2022-12-15T20:59:59-07:00,"Wednesday, Dec 14, 2022","Thursday, Dec 15, 2022",2022-12-14 21:15:00,2022-12-15 06:56:00,09:41:00,00:43:00,00:00:00,1,08:58:00,07:45:25,92.6,89.7,06:56:32,05:59:21,03:19:50,02:36:02,56.4,57.8,70.5,72.4,54.0,57.6,,,34,34,,,,12.4,9.5,18.0,,
2022-12-16T20:59:59-07:00,"Thursday, Dec 15, 2022","Friday, Dec 16, 2022",2022-12-15 21:45:00,2022-12-16 05:50:00,08:05:00,00:18:00,00:00:00,1,07:47:00,08:06:00,96.3,90.1,06:13:32,06:19:16,01:48:58,02:34:01,63.2,58.8,71.9,71.4,59.0,58.5,,,23,33,,,,12.0,8.5,16.0,,
2022-12-17T20:59:59-07:00,"Friday, Dec 16, 2022","Saturday, Dec 17, 2022",2022-12-16 22:17:00,2022-12-17 07:45:00,09:28:00,01:41:00,00:00:00,1,07:47:00,08:07:08,82.2,88.0,05:27:50,06:11:52,01:30:23,02:18:31,62.6,59.5,69.2,70.2,67.0,59.5,,,30,33,,,,12.1,10.5,16.0,,
2022-12-18T20:59:59-07:00,"Saturday, Dec 17, 2022","Sunday, Dec 18, 2022",2022-12-17 21:45:00,2022-12-18 05:59:00,08:14:00,00:05:00,00:00:00,1,08:09:00,08:15:42,99.0,93.4,06:26:15,06:17:42,03:18:39,02:24:12,59.4,58.8,71.6,70.2,56.0,57.6,61,50,18,32,,,,12.4,9.0,21.5,,
2022-12-19T20:59:59-07:00,"Sunday, Dec 18, 2022","Monday, Dec 19, 2022",2022-12-18 22:45:00,2022-12-19 07:15:00,08:30:00,01:04:00,00:00:00,1,07:26:00,08:09:51,87.5,93.0,05:09:10,06:09:32,01:47:39,02:26:32,58.8,59.0,69.2,70.5,58.0,57.9,,,24,29,,,,12.0,10.0,16.0,,
2022-12-20T20:59:59-07:00,"Monday, Dec 19, 2022","Tuesday, Dec 20, 2022",2022-12-19 22:15:00,2022-12-20 06:51:00,08:36:00,00:27:00,00:00:00,1,08:09:00,08:10:00,94.8,92.5,06:37:23,06:07:48,03:18:39,02:26:35,56.6,59.0,74.7,70.7,55.0,57.7,,,30,28,,,,10.5,8.0,15.5,,
2022-12-21T20:59:59-07:00,"Tuesday, Dec 20, 2022","Wednesday, Dec 21, 2022",2022-12-20 22:15:00,2022-12-21 02:45:00,04:30:00,00:00:00,00:00:00,1,04:30:00,07:32:17,100.0,93.2,03:14:35,05:43:37,01:15:00,02:19:52,54.7,58.8,68.2,70.8,51.0,57.1,,,30,27,,,,10.7,9.5,12.5,,
2022-12-22T20:59:59-07:00,"Wednesday, Dec 21, 2022","Thursday, Dec 22, 2022",2022-12-21 22:53:00,2022-12-22 06:45:00,07:52:00,00:20:00,00:00:00,1,07:32:00,07:20:00,95.8,93.6,05:13:35,05:28:54,02:20:17,02:11:22,53.4,58.4,71.2,70.9,54.0,57.1,32,46,34,27,,,,10.8,9.0,13.0,,
2022-12-23T20:59:59-07:00,"Thursday, Dec 22, 2022","Friday, Dec 23, 2022",2022-12-22 22:07:00,2022-12-23 06:49:00,08:42:00,00:41:00,00:00:00,1,08:01:00,07:22:00,92.1,93.0,06:43:03,05:33:07,03:28:26,02:25:34,55.9,57.4,,,54.0,56.4,28,43,29,28,,,,10.3,7.5,16.0,,
2022-12-25T20:59:59-07:00,"Saturday, Dec 24, 2022","Sunday, Dec 25, 2022",2022-12-24 23:57:00,2022-12-25 07:12:00,07:15:00,00:33:00,00:00:00,1,06:42:00,07:12:42,92.4,94.5,05:24:17,05:32:37,02:24:43,02:33:20,60.1,57.0,72.7,71.2,56.0,54.9,,,30,28,,,,10.9,9.0,12.5,,
2022-12-26T20:59:59-07:00,"Sunday, Dec 25, 2022","Monday, Dec 26, 2022",2022-12-25 21:15:00,2022-12-26 00:00:00,02:45:00,00:00:00,00:00:00,1,02:45:00,06:26:25,100.0,94.6,01:58:59,04:54:26,00:15:00,02:07:06,64.0,57.6,65.2,70.3,62.0,55.7,,,,,,,,12.2,11.0,16.0,,
2022-12-27T20:59:59-07:00,"Monday, Dec 26, 2022","Tuesday, Dec 27, 2022",2022-12-27 00:02:00,2022-12-27 06:31:00,06:29:00,00:10:00,00:00:00,1,06:19:00,06:16:51,97.4,96.1,04:39:33,04:50:12,00:30:19,01:56:03,60.1,57.8,70.0,70.4,59.0,55.9,,,39,31,,,,12.2,10.5,14.0,,
2022-12-28T20:59:59-07:00,"Tuesday, Dec 27, 2022","Wednesday, Dec 28, 2022",2022-12-27 21:00:00,2022-12-28 07:45:00,10:45:00,01:05:00,00:00:00,1,09:40:00,06:29:51,89.9,95.4,07:04:19,04:54:03,02:21:05,01:47:50,55.6,57.7,63.4,68.8,52.0,55.4,,,34,32,,,,11.3,7.5,23.5,,
2022-12-29T20:59:59-07:00,"Wednesday, Dec 28, 2022","Thursday, Dec 29, 2022",2022-12-28 22:45:00,2022-12-29 06:57:00,08:12:00,00:05:00,00:00:00,1,08:07:00,07:00:51,99.0,95.2,07:00:00,05:26:15,04:11:21,02:13:01,52.8,57.4,64.5,68.3,52.0,55.6,,,43,34,,,,10.7,8.5,14.5,,
2022-12-30T20:59:59-07:00,"Thursday, Dec 29, 2022","Friday, Dec 30, 2022",2022-12-30 03:51:00,2022-12-30 10:12:00,07:23:00,00:33:00,00:00:00,2,06:50:00,06:54:51,91.3,94.6,05:23:31,05:27:40,,,64.9,59.1,,,63.0,56.9,,,25,33,,,,11.5,9.5,13.5,,
